,actor.id,repo.id
0,9152315,28635890
1,5581438,26392647
3,66577,5152285
4,9221683,28520835
5,1174658,25334511
6,2875833,21995378
7,1317792,15526570
8,1373703,20268125
10,2676867,3633660
11,5545980,27858779
12,4070158,20469468
13,3495129,24147122
14,4443263,28677492
15,21826,20117626
17,2112033,28676854
19,1987779,5089162
20,1014189,15119415
21,372245,2941890
23,1106706,11134801
24,21826,18904157
25,5563373,28625970
26,227042,19073780
27,6158630,18126008
28,406946,26583093
29,926454,9457897
30,21826,21285335
31,1256464,15032738
34,21826,1755571
35,4447136,10314483
36,8526819,27407975
39,922837,17136520
40,429529,7588969
41,6158630,15100395
42,3960243,14201058
45,8147971,21783823
46,8770348,24030380
49,9201970,25173910
51,2318343,17101123
53,4102215,9317463
56,210848,28677532
58,2101973,24664906
60,201997,16334926
63,111138,9801943
66,1856621,20291263
67,428886,28635402
68,1386314,3287301
70,179131,5440447
73,5185561,28656308
74,42892,16972230
76,7925013,24087301
77,732173,27141908
81,2259834,28575703
85,3388704,28109544
86,8893238,28489784
87,5219176,28677493
88,416575,10672637
92,10160580,27897523
93,10085204,28677465
94,4064618,27842993
95,10262489,28675131
96,58937,28426815
97,49649,17179173
98,1799239,11879934
99,54995,11516694
100,720122,28677494
101,305268,23370782
103,210312,25281621
105,3721430,23848067
106,4083697,20542797
107,2624386,28677380
108,210312,16091467
110,370793,3652623
111,40799,2719509
112,720514,28412275
113,434239,28012363
114,901816,28554957
115,3432917,21943980
116,280212,21481110
117,5597157,28669146
121,9339661,26944422
122,111044,2847947
123,6064408,28595435
126,5912301,28677363
127,10343829,28650454
128,10239381,28212737
129,137,28648528
130,3858935,28573105
132,578549,28467587
134,512439,2990192
135,1692862,28643519
136,8759066,24008091
139,746282,28677261
143,785941,26393682
144,1684950,28650038
146,363764,9584741
153,23773,117358
154,4296161,25269682
156,1661812,28677540
165,4873274,28158260
168,594059,19122406
170,6248391,18495441
171,8228133,28286640
172,420995,3752513
175,537127,21009348
179,2651446,20405743
180,172588,3343348
181,3621988,27951593
182,984183,28672074
183,5131886,28634007
185,592109,21930526
186,10298641,28611069
187,3890972,26382386
193,10325861,28546548
196,2867549,28481110
198,6867251,28677526
205,510877,28573657
206,485776,4708471
207,8432323,28649593
208,3758576,27146749
209,1468831,15790644
210,8356935,27846248
211,87996,8733622
212,7833300,23265919
213,604177,19328708
218,515947,3483205
219,5472995,19051665
221,15566,10489159
222,2552068,18266208
223,280212,21481110
224,947888,17730345
225,4444926,10095561
230,1565825,4033349
231,4824042,24954215
232,6734064,28657214
234,6822704,23564009
236,5464110,28676524
240,944319,28674177
241,1935069,26125855
245,3495129,24147122
247,814471,17971324
249,5848566,13818463
252,9041575,28671282
254,6125159,26561827
255,7565298,21915008
257,896423,23717735
258,517210,14739084
259,370793,3652623
260,4054233,24212713
262,5912301,28677119
264,7043070,27941457
266,9514534,26488782
269,952533,28492762
272,2049650,19821157
273,6436073,27432101
274,5720924,27310102
275,1261574,22235943
279,5049548,27332639
280,287220,28608373
283,167995,10838237
284,6064408,28633990
287,3073864,7948981
290,1848287,5363116
292,944319,28674177
294,3124431,15237233
296,10345916,28621069
298,87996,8733622
299,1530418,27727002
302,5728403,25392255
303,144854,28677118
311,378310,27511719
312,567506,3893791
313,574123,28670264
314,1477455,28463415
315,100718,19986748
316,1210751,22939226
318,2001330,23362993
320,6324595,28490006
321,1616639,22839509
322,254985,12634704
323,7421004,27590695
324,827324,28605427
325,1305774,12798028
327,1345314,21612734
328,1334853,7517166
329,9409473,25796998
330,280212,21481110
331,6561166,22066165
332,8759066,24008091
333,10009240,28665140
334,475255,28580397
336,1946173,24353303
337,2001342,28639871
338,8495531,28675866
339,9201970,25173910
340,1192362,28677556
341,5960057,23820834
342,1170909,2293158
343,9467640,25984335
348,1100381,23557502
350,7959361,28659820
351,2830379,25601688
356,1245473,28495174
357,720376,18271108
358,2209144,28676842
359,5779735,23215539
360,9925986,27200556
365,5623501,28677574
367,3269485,25484806
369,6125159,26561827
370,7553153,19684176
371,59200,13544898
372,9925986,27200556
374,1799239,11879934
376,5807972,27900443
378,476440,28647308
379,3388704,28109544
382,5095603,4537725
383,2646487,28609230
384,58937,27485887
386,1572011,24309280
388,7216884,28677558
393,19950,23808489
394,353209,23720414
395,574123,28670264
396,6517097,26688311
397,1550925,28653103
398,6607768,28477784
399,71317,16833966
402,1125622,6439786
404,945283,19086266
405,126802,27038736
408,1056314,28579677
409,597300,28368906
411,1125622,6439865
413,429706,28254077
415,9409473,28493883
416,109715,28619818
417,8905372,28621174
418,251272,16081882
425,153271,27733828
426,469257,28674828
427,15566,10611388
429,377691,28382883
430,280212,21481110
431,22108,25711125
432,1457425,27384581
433,52883,27815771
434,8542195,25183290
436,833377,26193401
437,5068150,22265220
439,684117,28468923
440,1693164,25284691
442,5432054,12745236
443,277474,27626910
444,1872498,10594039
446,4804954,26843789
447,149467,28606962
448,5623501,25659059
450,510877,28573657
451,434239,28012363
454,3289214,28641135
455,28543,28673871
456,8683432,27059641
457,889804,27141302
458,31769,28677217
459,8132102,18663590
461,5814217,14313288
468,277474,27626910
469,1305774,12798028
470,5635733,27447751
471,1210751,22939226
475,1334884,26995510
477,5807972,27900443
478,6701030,16901435
481,1341245,17165658
482,8658959,28229892
483,6734064,28657214
485,305740,25260459
486,827324,28605427
487,7751315,27552091
488,597089,28649126
489,299901,28665759
493,5779735,23215539
495,360595,19625428
499,161631,22484898
502,1341245,17165658
506,2160337,28603543
507,4062890,17313482
508,236741,28671124
511,277474,27626910
512,7959361,28659820
513,3119506,28203862
514,280212,21481110
515,986997,13102076
516,5389574,26808537
518,1341245,17165658
519,2285387,10592993
520,8033682,26363171
521,594059,19122406
522,6811910,21915008
523,2615272,26657616
524,10085204,28677465
525,7876796,18493101
526,1280497,28677313
528,33424,28674894
529,5047684,28675663
530,7283378,26171734
535,2937573,28642721
537,9835569,2126244
539,2566314,28676149
540,7603502,28123202
541,150887,28547116
543,3698908,26456499
544,5095603,4534921
545,7377949,19047649
546,1310570,11317725
547,5593699,18327496
548,5623501,28677574
549,1341245,17165658
553,1317792,10446270
554,2925915,28677535
555,1495846,8255002
557,501082,28460492
558,8930453,27681002
559,5403148,28521524
560,1181205,28657751
561,6106568,28677471
563,8924713,28645826
564,8336555,24660814
565,5779735,23215539
570,21159,27745813
571,1030961,12899667
572,814322,28368826
573,40799,2719509
574,277474,22803845
577,3386273,18156369
583,944319,28674177
586,6517097,26688311
589,161631,22484898
595,8339280,28677282
596,153271,27733828
597,880411,22005660
598,3733972,28585822
599,1235441,11671912
600,4568682,25889101
601,10032418,28675935
602,445867,28676936
605,943342,28422819
606,628429,28580097
607,5403148,28521524
608,3701374,18069451
609,9201970,25173910
611,6214365,28669435
613,1658412,4307256
615,944319,28674177
616,5349561,27149627
617,234279,24012813
618,277474,22803845
620,280212,21481110
621,45936,28667487
622,476440,28647308
624,594059,19122406
625,447792,15714889
627,3013175,27949680
630,3960243,27769288
632,5730326,23149310
633,7850165,28609047
634,10178018,28507874
636,8236771,28677591
637,1275021,3016562
638,10361273,28677442
640,3310280,25415167
642,7187705,28538540
643,6895040,18620619
644,7702743,20652730
645,537127,21009348
647,688464,28613718
648,5714523,28676124
649,57142,23478996
650,5432054,12745236
651,5830534,28665709
652,10332868,28570305
653,5696529,28677478
657,9728079,26607117
659,2961036,22234733
661,1319679,18201810
662,5779735,23215539
663,5976354,26736070
671,7486809,28677218
672,1307829,24916708
673,19950,23808489
675,666646,1284106
685,1255675,28675554
686,5345794,25004562
687,864992,28645091
689,5706175,28489979
691,2874368,28406300
692,803768,24404721
693,3143487,14438995
694,5418235,25416529
695,6462673,28575999
696,518231,14871077
697,6561166,22066165
698,3359009,28648343
702,88622,12340319
703,1908631,26097685
704,1750941,28465891
705,2359092,28639200
706,10332868,28570305
707,940916,24911421
709,6158630,18126008
711,8856719,28290209
715,22410,24398157
718,6158630,15100395
721,6644994,28677357
722,1684950,28650038
723,280212,21481110
724,8658959,28229892
728,10352573,28669115
733,7047496,28280752
734,903479,790019
737,1246453,3814316
738,4367771,28435190
744,22410,24398157
745,1133652,18115347
746,9788541,28644972
748,1653619,20941068
750,2566314,28676149
751,376661,23188313
752,501082,28647685
753,2049650,19821157
754,539575,21544147
757,447792,15714889
758,1373703,20268125
761,8660957,28321956
762,5807972,27900443
763,10296651,28649440
764,5342037,25254705
765,965580,28421758
769,6035184,14699527
770,378310,27511719
771,2779282,24451324
772,4521848,28634384
774,6734064,28657214
775,7110446,28677428
777,420995,3752513
778,445867,28676936
779,7000887,27058156
781,8648335,28673982
782,10298641,28611069
785,8033682,26363171
786,3884744,28249752
787,87479,7721013
788,6325631,27980067
789,3003634,23549889
790,10148684,27847923
791,2031163,28650641
792,1653619,20941068
794,5123221,23682880
795,8323759,6078190
796,4733312,16301255
798,1075619,28029674
799,4269377,28677575
800,529580,28654233
802,1181205,28657751
805,378310,27511719
808,4284104,28613776
809,7460581,28677460
810,3332580,19750688
813,280212,21481110
814,2112033,28676854
815,476440,28647308
816,25653,28230641
819,1275021,3016562
821,971991,28677511
823,3173496,28674650
828,2286826,28363453
831,537127,21009348
833,613568,12983585
835,115089,12997400
837,7907941,23779634
841,1632746,14234456
843,2011002,28677459
844,1608583,26138135
845,2788934,27733909
846,5779735,23215539
847,111044,2847947
848,3887896,28667688
849,556505,15572464
851,220012,2735237
855,10321375,28674110
856,2615272,26657616
858,2875946,13516504
859,7047496,28280787
860,5344121,15488440
869,3701374,18069451
870,9792856,28166542
872,10313856,28540040
873,28673,25138762
874,6561166,22066165
875,831867,7512484
876,1205126,24071128
877,157520,27960100
878,9000293,27146993
881,9712369,28056637
883,9201970,25173910
884,10346381,28620734
885,9941464,28674656
887,8843757,24266969
889,10168430,28586081
890,1170565,28644664
892,8495531,28675866
895,597089,28649126
896,833072,28677525
898,3128407,25450714
901,157093,28173900
905,179734,302322
906,3144970,23141542
907,3960243,27287395
908,153271,27733828
912,6608916,23863224
915,1736496,10670501
917,8943887,27945902
919,3960243,27287679
921,10085204,28677465
922,5344121,15488440
923,9730086,28677288
924,7866361,20753922
925,8479239,28639904
928,280212,21481110
929,428886,28635402
930,2525683,28153948
932,25653,20606216
934,4229405,27282606
935,1170565,28562428
938,4674581,28405862
939,7841618,28676566
947,266668,981363
952,9755468,26832780
953,1181205,28657751
955,5344121,15488440
961,3299558,24589839
962,24908,27546224
963,5897669,14284550
964,9837783,26845650
965,137,28648528
967,10313856,28540040
969,6893938,20837913
973,2961036,22234733
974,3820621,28578059
975,6738431,28610547
976,353209,23720414
977,3067317,28002536
978,303951,28555690
988,3216657,28576167
989,8682846,28666777
990,2506703,18478437
992,5510799,28675414
993,7883556,27676866
994,8660957,28321956
997,9216786,28269859
1000,512386,25924523
1001,6133706,28213857
1002,6064408,28595435
1003,10313856,28540040
1005,1129144,3295353
1006,5857237,28550492
1007,2453862,28160579
1008,1981539,28192167
1010,236741,28671124
1014,685076,28675057
1015,4297022,28675268
1016,5114528,27008640
1017,8136241,21739906
1018,5393499,22319594
1019,833377,26193401
1020,2463785,24712923
1021,2779282,24451324
1026,5623501,28677574
1029,1205228,6410069
1031,280212,21481110
1032,6561166,22066165
1033,44707,26731726
1034,952340,27697181
1036,1377,28646975
1038,5807972,27900443
1042,541725,1204412
1043,33424,28674894
1045,5184102,2365549
1048,551491,13174854
1049,365243,862712
1050,4464082,28473168
1054,7566337,28666898
1061,4443263,28677492
1062,325476,2945543
1064,102580,28077836
1065,5114528,27008640
1066,23465,23587004
1067,3459800,28677612
1069,5355937,28527820
1071,10346381,28620734
1073,5619798,26945962
1075,391350,26162869
1077,833997,8869463
1078,1148549,4542716
1080,572844,28672105
1082,8162496,21927560
1083,770578,15748552
1086,1542825,28677504
1087,1261574,22235943
1088,827324,28605427
1089,4181161,28090675
1092,10358342,28677509
1093,153271,27733828
1094,5378975,27845488
1095,512386,25924523
1098,5152015,23894441
1101,3777877,28416782
1102,1225898,26503318
1105,8726826,28001861
1106,2010424,28656590
1115,5498199,20284114
1119,301415,20724
1122,8302001,28653992
1123,5659700,23076963
1127,7227500,28670185
1129,7929451,25135859
1130,1694,3224481
1132,429529,7588969
1134,27622,10794423
1138,1129144,5383214
1139,1916193,28464039
1140,280212,21481110
1141,7850165,28609047
1142,2049650,19821157
1148,810348,28670845
1150,1868186,15943682
1155,380744,13360824
1156,1071302,26454971
1157,7866361,20753922
1160,5114842,25803741
1163,1468831,15790644
1164,4367771,28435190
1165,58760,28610523
1166,4421720,27840098
1167,9201970,25173910
1168,372027,27989628
1169,8471860,23043434
1170,1661812,28677540
1171,1349353,28649581
1172,1136739,25250498
1174,5535320,27847939
1175,2809946,28375589
1176,3960243,27769288
1179,940272,22535174
1181,6965522,24850545
1188,1129144,3253872
1189,129097,229738
1191,428886,28635402
1193,45936,28667487
1195,7957761,28612522
1196,6833682,28572292
1199,137,28648528
1201,7486809,28677218
1202,10068043,28474720
1207,810348,28670845
1208,1648240,15036238
1209,685076,19688633
1210,1993227,1331548
1211,9901767,28670194
1212,1611120,28677588
1214,622120,27102916
1218,7576912,24155672
1219,10233291,28677630
1222,592109,21929384
1226,6851464,17480926
1230,744293,23890761
1231,2180540,10415898
1232,9164578,25259522
1233,2101211,13431919
1239,10361273,28677442
1240,7334469,28677361
1241,280212,21481110
1242,4326912,28674603
1243,9216786,28269859
1246,284143,28364831
1247,2041564,7360528
1250,9192640,28370316
1251,8347069,28286311
1254,3621988,27951593
1255,98647,28676647
1257,153279,615096
1258,10360207,28673271
1260,1237191,18020014
1264,9452791,28676949
1265,1765983,27712061
1266,120314,13668558
1273,6952202,26346969
1274,3759320,13499745
1275,113896,21627244
1277,1803556,28643777
1278,510877,28595187
1281,87436,28373474
1283,5714523,28676124
1284,1129144,3295344
1286,7256509,28677457
1287,8453732,22973515
1290,5623501,28677574
1291,3770344,25440481
1293,5728403,25392255
1294,6952202,26346969
1296,1148549,4542716
1297,12637,9399334
1299,1264398,26037350
1306,2819398,28653566
1315,5623501,28677574
1316,4140656,28014718
1318,6818498,24320625
1319,2875833,21995378
1320,7242323,28248830
1323,2487846,26031830
1324,8361299,22637619
1325,8278290,25000895
1326,572844,28672105
1327,553936,28508978
1328,208955,26142407
1330,512386,25924523
1335,1075619,28029674
1338,9688418,28677368
1339,7127407,28523648
1342,9118791,28238714
1343,10360207,28673271
1344,194215,28647496
1347,8955320,27477541
1348,280212,21481110
1351,9837783,26845650
1355,737657,28675900
1357,108685,28673392
1359,7526014,28615167
1362,5424351,21368887
1363,584009,27093512
1364,963093,14895592
1366,42846,27027721
1367,4193711,28677644
1369,9947271,27126657
1370,10359335,28675707
1371,21159,27745813
1374,211517,28677207
1375,4865705,28057928
1376,1734660,28676236
1377,6763356,27655686
1379,12637,9399334
1381,899410,26391646
1382,2681312,6453341
1384,5714523,28676124
1386,7576912,28677573
1387,299901,28665759
1388,5500712,28006225
1390,3008744,23500192
1391,1787100,28083399
1394,1553632,17371412
1397,1237357,28254325
1403,1198183,10257627
1407,5143070,16937043
1408,592109,21930526
1409,1694,3224481
1410,2112033,28676854
1411,10023157,17268927
1412,8675834,23728095
1413,6158630,18126008
1414,926454,9457897
1416,6158630,15100395
1417,7657566,20020926
1422,510877,25138592
1423,10360207,28673271
1424,9540581,26140981
1425,3094277,16188576
1426,9933603,28551531
1427,1856621,20291263
1432,5394641,28383560
1433,6763356,24037800
1436,3180534,20567458
1437,1317792,15526570
1440,1317792,15526570
1441,56633,1323458
1442,8119338,28617774
1443,9947271,27126657
1445,1143966,1380117
1448,3759320,13499745
1450,926354,22842736
1451,302282,28661023
1455,71317,16833966
1456,280212,21481110
1459,5807972,27900443
1462,4367771,28435190
1464,525838,9693534
1465,447792,15714889
1466,10085204,28677465
1468,9201970,25173910
1469,1508735,28677613
1470,8388026,28645199
1471,56633,6943969
1472,1016379,28203701
1473,6927151,20107959
1477,43683,23672808
1480,9805522,27985956
1481,6895040,18620619
1482,3180534,20567458
1484,1356088,26995510
1485,1400864,15477991
1487,510877,28595187
1489,10068043,28474720
1490,1787100,28083399
1491,7334469,28677361
1495,1944053,10033802
1496,8019881,21329550
1497,1500580,24103115
1500,885356,19718418
1502,5124519,28635182
1503,34314,28457115
1505,10100503,27649053
1506,6357013,15760311
1508,1373703,20268125
1509,748069,5384390
1510,5623501,28677661
1511,367618,756568
1513,160338,27011869
1514,6520916,27150469
1515,584009,27093512
1519,59200,13544898
1521,705947,28653186
1525,6392429,26197772
1526,1166237,27676237
1527,59200,13544898
1528,1558033,9203569
1529,814772,3925157
1530,810348,28670845
1531,1314371,28217706
1532,8660957,28321956
1534,1477455,28463415
1536,994093,5575106
1538,994093,5575106
1540,4829,23362570
1541,10254849,28525122
1542,6895034,21103899
1543,3890972,26382386
1547,1218561,28547499
1548,8056798,21457582
1549,67381,28644255
1550,1319333,28530868
1552,10335052,28677419
1553,2180540,10415898
1556,2590908,28646094
1559,5655775,28563619
1560,280212,21481110
1562,9164881,28677292
1563,5661392,20266334
1564,3357284,28539450
1566,101480,3712825
1568,9135474,28677537
1570,1313183,3130735
1573,8658585,28551416
1574,6378485,15838380
1575,8376281,28279752
1576,161548,14473933
1577,9409473,25796998
1580,388637,28657642
1583,10313856,28540040
1585,6600123,28542904
1587,10360207,28673271
1588,2987505,28677664
1589,293720,28544771
1595,8228133,26234558
1598,814772,3925242
1599,102631,1223928
1602,1201934,27409568
1604,6324595,28490006
1606,419884,2126244
1607,4443263,28677492
1608,10262377,27978780
1609,1769841,27930623
1610,6894155,28529596
1612,622120,27102916
1613,56633,254354
1618,429706,28254077
1619,5331106,28645692
1621,3259988,28620299
1622,1423378,26056009
1624,4188511,25400011
1627,43683,23672808
1628,57162,25276289
1629,4530271,26665321
1630,10068043,28474720
1631,7576912,28677573
1633,250144,4044891
1635,1226339,6568555
1640,1922921,28676656
1641,685076,19688633
1642,7252832,18719937
1644,367618,860274
1645,1802542,4967600
1646,1423378,26863548
1648,9959680,27589092
1651,7787407,28152187
1655,580225,28580409
1656,10355294,28674491
1657,4616229,27056061
1658,9643090,27897584
1659,9716869,26643379
1663,280212,21481110
1664,5404873,24333720
1665,8966018,28064757
1666,44707,26731726
1670,5787388,28430461
1671,842721,28674076
1673,9339421,28333790
1675,137,28648528
1676,367618,860274
1677,5728403,25392255
1679,1162160,23025348
1683,419884,2126244
1685,50891,28677563
1687,5779735,23215539
1688,5095603,4537725
1689,54470,13573866
1690,8825007,28674151
1691,164472,7569904
1692,9135474,26879382
1693,1505137,27265481
1694,2224787,27916112
1697,334176,6056031
1701,305455,22497156
1703,127889,28650635
1704,3475751,28116086
1705,4193711,28677644
1708,1144306,14734876
1710,8302001,28653992
1716,4779042,21256946
1718,10336437,28677283
1720,1505137,27265481
1722,2480948,7827081
1723,74928,6444385
1728,1468831,15790644
1729,10053946,27460855
1730,4231743,22773766
1731,1162160,23025348
1738,50891,28677563
1739,9040052,28674069
1740,50891,28677563
1741,956386,28645692
1742,484075,9736099
1743,10359605,28671838
1744,9480650,28661304
1747,5807972,27900443
1748,1728807,19712775
1750,3433835,28482774
1751,697548,28186451
1752,10202200,26648611
1756,3493763,28478834
1759,9201970,25173910
1760,6742515,28289272
1761,280212,21481110
1763,7694377,27577265
1764,2145676,22741510
1765,65053,1447887
1766,1012467,20632410
1769,9022181,27685956
1771,1465568,28003253
1775,1181205,28657751
1777,9956702,25345259
1778,2373357,28677510
1780,1143966,1380117
1782,1376714,28677219
1784,3949252,28370207
1786,2956172,28043560
1789,289202,21480985
1790,3103577,28633342
1791,1158804,19916900
1792,7662768,20041931
1793,419884,2126244
1795,2935303,28625031
1797,5925024,28647002
1799,351146,26296140
1800,137,28648528
1801,4764874,16531825
1804,8061991,28428078
1808,771345,19842476
1811,8040427,21401072
1813,406631,26146564
1814,4867510,28648852
1815,867447,28675054
1821,62953,5025610
1823,2752994,27881011
1824,10262377,27978780
1827,367618,14148013
1828,65053,1447887
1829,2678007,28673700
1831,9785624,28644972
1832,597897,27191539
1834,842721,28674076
1836,316014,28660671
1838,5219176,28677493
1839,1121789,25811730
1840,254896,28670488
1842,4568682,25889101
1844,5623501,28677661
1845,367618,11673915
1847,5068150,22265220
1848,66577,5152285
1852,1981539,28192167
1853,922196,28677638
1854,809314,10958379
1856,2488333,20387866
1859,280212,21481110
1864,1115865,28657383
1866,8347069,28286311
1868,684117,28468923
1869,4188511,25400011
1870,8119338,28617774
1872,8339280,28677282
1873,3602800,25692409
1874,9959680,28568553
1876,9688418,28677368
1879,1750837,23478795
1880,28153,18715057
1882,941526,2123336
1883,8592372,28676895
1886,10161953,28676586
1887,1468831,15790644
1888,3720783,20527117
1890,2319207,28650485
1891,367618,747311
1894,592109,21930526
1896,5503461,25844625
1900,10234718,28237285
1904,5047684,28675663
1905,3596952,8208289
1908,6042296,28675197
1909,433707,26847075
1910,4551878,10491111
1911,1249030,25339446
1913,79728,25106829
1914,1699192,28101516
1916,7718668,20239329
1917,184107,27638086
1920,25653,20606216
1924,2488333,20387866
1925,4406333,23116127
1928,3433835,28482774
1929,317994,23675643
1930,3720783,20527117
1935,5490627,27145416
1936,8059250,28596332
1937,76367,28517950
1939,827324,28605427
1940,428886,28635402
1941,1743252,28456975
1943,339422,27899581
1944,941526,2123340
1945,5018213,17873870
1948,6381138,27839626
1952,1163757,18411746
1954,7430331,25406543
1955,204340,28676860
1958,1571048,28033620
1959,378310,27511719
1963,3720783,20527117
1964,280212,21481110
1965,1946173,24353303
1966,6763379,19959218
1968,685076,19688633
1969,7094265,27144213
1970,457965,1369553
1973,3174763,16572329
1974,123110,2363776
1976,6763379,19961042
1977,10361315,28677587
1978,6763379,19961044
1979,46323,28157780
1980,9298431,28320317
1982,556505,15572464
1983,9084685,14552429
1984,10355660,28657737
1985,710117,3671342
1987,6763379,19961056
1990,334176,6207723
1991,10360207,28673271
1993,6763379,19993673
1994,4668188,28663198
1996,735008,28620211
1999,367618,779156
2001,389491,27690718
2002,21159,27745813
2009,5355937,28527820
2010,3991313,28356459
2012,1513475,28603059
2013,2359092,28639200
2016,7013073,28677643
2017,1181205,28657751
2020,491171,28203975
2021,231118,28201627
2024,7702743,20652730
2025,368057,2541322
2026,1684950,28650038
2028,142914,9614450
2030,422217,6842649
2036,2242,13793762
2037,9201970,25173910
2043,5779735,23215539
2044,405446,3540121
2045,2021709,28260983
2046,173656,2903810
2052,763917,15951934
2053,8841623,28588953
2055,6214365,28669435
2057,9643090,27897584
2060,10354058,28674532
2061,299901,28665759
2062,234489,24602136
2066,280212,21481110
2068,1319333,28530868
2069,9262607,28677666
2070,5104541,17190491
2071,9657371,28639483
2073,5636101,25383874
2074,8966018,28064757
2075,972314,27125072
2077,6724538,17739679
2079,3493763,28478834
2080,1760797,23223865
2082,6742515,28217013
2084,6158630,18126008
2086,926454,9457897
2088,2961036,22234733
2089,1517008,11549335
2091,278418,18600949
2092,6158630,15100395
2093,3823149,19108230
2094,3823149,19108230
2095,3823149,19108230
2096,5623501,28677661
2097,4381102,28677677
2099,405446,3542444
2102,9135474,28677070
2104,1045095,20319753
2105,5728403,25392255
2106,9220074,28542720
2109,7540669,28677316
2110,10286468,28527147
2112,7778620,27834135
2113,388637,28657642
2115,6035897,26301590
2116,7802430,22098808
2117,1128659,3186197
2119,6948926,23823448
2121,10352573,28669115
2123,9041575,28671282
2124,7070394,28554993
2129,227303,1803961
2136,701326,1550525
2137,9135474,26879389
2138,1734057,23079554
2140,2956634,16018083
2141,7486809,28677218
2142,210312,25281621
2143,1684950,28650038
2144,5149876,24384508
2146,5018213,17873870
2147,1059947,20835178
2148,6895040,18620619
2149,280212,21481110
2150,1130264,21853529
2151,1906512,28660708
2154,10211138,28675026
2156,1408578,27899381
2157,178734,28543683
2158,1585362,21992247
2161,4162343,8144625
2162,3793664,19352450
2164,451360,28320255
2165,367618,6485371
2166,4231743,22773766
2168,10161953,28676586
2170,3357284,28539450
2171,53785,19799491
2173,9135474,28667976
2175,1652699,28289664
2176,4568682,25889101
2178,1322515,28677702
2179,4535554,28209294
2180,6564514,23892939
2182,4942502,15009067
2183,6841829,27096824
2184,249285,27553648
2186,1971604,28673915
2191,819213,28571384
2192,4809376,17457530
2193,31769,28677217
2194,4081361,28654922
2197,249117,28010520
2198,7310102,28357820
2199,10345188,28615103
2200,429529,7588969
2202,3299558,24589839
2204,2094217,8930485
2205,1400864,15477991
2207,932918,8057761
2208,4809376,17457530
2212,367618,23811389
2216,10337495,28661427
2217,6214365,28669435
2218,176815,21054614
2219,6548646,27839746
2220,4809376,17457530
2222,1692862,28643519
2224,341094,28675713
2226,2666691,15666435
2232,6294337,13222817
2234,510877,28573657
2235,6742515,28178347
2236,1255375,3414627
2240,1075619,28029674
2241,1075619,28029674
2242,280212,21481110
2243,3333139,26908976
2244,2429104,25836225
2250,6841829,27096824
2251,711295,27416733
2252,406631,26146564
2253,1017605,28666633
2254,1745420,28675638
2257,5344121,15488440
2259,55057,28672165
2260,2066790,4158448
2261,458272,28367645
2264,2112033,28676854
2266,6509618,27242935
2270,6807088,28677601
2271,3578461,24312909
2272,1341245,688366
2273,1270790,28667818
2276,7540669,28677316
2279,10148684,27847923
2283,1341245,688366
2284,367618,756841
2288,1574519,22088187
2289,5570713,28677577
2292,7757751,28677645
2293,52883,28677604
2294,6509618,27242935
2295,2624357,27418269
2296,42681,22087319
2297,3044,27831948
2298,5623501,28677661
2300,8741669,28464320
2305,9201970,25173910
2307,433707,26847075
2310,6509618,27242935
2311,3677334,27236732
2312,1045095,20319753
2315,6064408,28595435
2316,10296544,28464320
2317,505681,25221839
2318,150855,28048763
2321,406631,26146564
2324,3973466,22603212
2325,6952202,26346969
2326,4411839,28676937
2327,171319,28672670
2328,6509618,27242935
2329,8324294,27670426
2330,1059947,20835178
2331,368057,2541322
2332,2507877,28488854
2334,3624,23679117
2335,4867510,28648852
2336,1378,16418633
2337,3631807,28677452
2341,512386,25924523
2342,1227992,7396761
2343,671977,12979789
2344,4443263,28677492
2345,129097,3213293
2346,10360991,28676780
2347,4919272,28521568
2349,8550459,23331775
2350,7875323,26601298
2351,6197214,25332643
2352,6509618,27242935
2353,367618,2387146
2355,946641,28464320
2358,280212,21481110
2359,137,28648528
2360,709247,28201380
2363,2487846,26031830
2364,901816,28554957
2370,4761614,11035035
2373,2739530,23980261
2374,373823,15718405
2376,7241368,28278313
2377,44707,26731726
2378,900934,28456309
2380,2321183,24237263
2383,6509618,27242935
2384,3003634,23549889
2386,4196261,28640662
2387,1322515,28677702
2389,1797056,28677431
2390,6070540,26379343
2396,290457,28677480
2398,459007,28676762
2399,1810949,16722721
2402,484370,22366514
2403,5623501,28677661
2408,6197214,25332643
2409,505681,20871075
2410,114509,14279740
2411,8726826,28001861
2412,7483224,28437213
2414,10085204,28677639
2415,240835,23158008
2416,8442492,26845177
2421,1551369,28553113
2422,429706,28254077
2423,1593287,10490362
2426,484936,26626725
2427,21159,27745813
2428,4867510,28648852
2429,2505852,28496881
2430,6608916,23863224
2431,193106,4787650
2432,4130215,18532367
2435,3044,22942790
2438,227303,1803961
2440,60228,28168527
2443,10299268,28464320
2444,55057,28672165
2447,577668,12711013
2448,5308996,28677614
2450,167236,3472786
2452,1889828,28603757
2453,137,28648528
2455,7698292,28677680
2456,7517344,23810049
2457,113896,21627244
2458,1266210,28314241
2459,378310,27511719
2460,887316,28653200
2463,1138820,28065647
2464,8430611,28271647
2468,6197214,25332643
2470,10152875,23038334
2471,7336721,27059138
2472,280212,21481110
2474,6046418,28518336
2475,6046418,28518336
2477,1684950,28650038
2479,5190468,28674978
2480,9164578,25259522
2481,5076731,18020914
2483,493276,17536276
2485,5942963,28488471
2487,2678007,28673700
2488,1484485,23394077
2489,7991256,23419436
2492,433707,26847075
2493,1334295,17710592
2494,6392429,28651421
2497,10238833,28210970
2501,3190888,28322495
2502,8132102,18663590
2506,5623501,28677661
2507,6248391,18495441
2508,1060921,28664614
2515,9246693,26416343
2519,9643090,27897584
2520,9761181,28675712
2524,5787953,15063820
2531,7234013,28173897
2532,378310,27511719
2533,8854341,28281419
2535,1097481,22718672
2536,3698644,28668433
2538,753424,7447534
2539,9825012,26821504
2541,9217361,28611446
2542,156601,21376159
2544,8562199,28415488
2546,9084685,14552429
2547,4139576,24252921
2548,7751315,27552091
2549,7,538746
2550,37817,1210728
2551,7486809,28677218
2552,4782682,25757665
2556,1906512,28660708
2557,10100667,28550937
2562,1054674,18275311
2567,978899,13666531
2570,10273677,28676685
2571,50891,28677563
2572,280212,21481110
2573,8922660,16323555
2574,236741,28671124
2575,101800,28677714
2577,6895040,18620619
2581,7698292,28677680
2583,369807,28670957
2585,6867251,28677526
2586,6155064,28677718
2587,1981539,28192167
2589,841388,28209234
2592,7937959,25614475
2594,5065328,27144533
2598,9201970,25173910
2599,2434110,17617697
2600,6923339,28671681
2601,984870,28419735
2605,1182407,14879832
2612,8656677,27157557
2613,10180288,28675656
2614,10338450,28589085
2615,486017,1099265
2616,4196261,28640662
2618,10336437,28677283
2620,50891,28677563
2621,10152875,23038334
2622,234489,24602136
2623,50891,28677563
2625,49209,21667862
2629,793308,21921396
2630,9011749,24770452
2631,3174763,16572329
2632,4540331,18603823
2633,1125622,6439786
2635,2188479,28273107
2637,1125622,6439865
2638,8382048,28206813
2639,10125388,28586913
2640,8562199,28415488
2641,2175324,26499136
2642,512386,25924523
2643,8430611,28271697
2645,8069134,27930445
2647,303951,28555690
2649,13516,2080922
2651,5807972,27900443
2652,2112033,28676854
2654,5655775,28563619
2658,280212,21481110
2659,732415,28677650
2660,1608583,26138135
2664,5355937,28527820
2666,155328,378405
2667,3758824,28547673
2668,621477,17852869
2672,194215,28647496
2673,94045,28354602
2678,10134418,27667613
2679,8182370,28317311
2680,7762231,27043454
2681,5597157,28669146
2682,10360207,28673271
2683,591886,16285002
2684,9688418,28677368
2685,574123,28670264
2687,1658058,18929235
2688,3664587,28612080
2693,495647,22736886
2696,6895040,18620619
2697,344777,6285991
2700,5076191,25180795
2703,884093,28574340
2704,6520916,27150469
2706,493276,17536276
2708,1181205,28657751
2709,4178251,27423766
2710,9289714,28215322
2711,2193434,28471970
2712,1924215,12840543
2713,236741,28671124
2715,10361315,28677587
2718,900739,20035058
2719,8550459,23331775
2721,1424573,26875223
2722,284143,28364831
2723,935297,28533537
2724,1924215,13015955
2725,7354158,28412516
2726,877530,24076640
2727,940465,28652876
2728,2788932,27788548
2732,8289520,22988319
2733,306380,28313768
2738,7486809,28677218
2739,1286529,26849135
2740,6158630,18126008
2742,6158630,15100395
2743,8207120,28261227
2745,8675834,23728095
2749,6897135,28632361
2750,161631,23717735
2753,692265,28276886
2754,5597157,28669146
2756,280212,21481110
2757,10350891,28649829
2758,1750837,23478795
2759,9587528,26158670
2760,9946466,28677660
2761,2448227,28675293
2763,3375973,27017271
2765,8726826,28001861
2769,1022081,22520527
2770,17978,8715146
2774,188758,18327383
2775,7737874,27507850
2776,2725611,12741028
2777,1133652,18115347
2780,1781130,26760598
2783,7505204,28677730
2785,1323536,28674338
2788,8147927,21806584
2791,3965903,28076477
2792,6946910,26336654
2795,8516048,28193372
2798,265886,14286367
2800,1558033,23894134
2801,9157490,25096768
2804,2874694,3918508
2805,10082177,27572489
2807,922196,28677638
2808,6129247,26047859
2809,927418,28390447
2812,976922,9749290
2814,67737,18552822
2815,5344121,15488440
2816,8013350,26980932
2817,584009,27093512
2818,8362393,28536680
2821,447540,27547938
2822,10161953,28676586
2823,4055382,27514241
2824,3965903,28571587
2826,1613474,23581282
2830,1235441,11671912
2831,623282,28676296
2832,511268,6547443
2833,6155064,28677726
2834,9201970,25173910
2835,1257913,27216319
2836,5434641,28677503
2838,940465,28652876
2839,129196,10435975
2842,5739945,21661221
2844,134294,2361853
2846,1128659,3186197
2847,584009,27093512
2848,5571990,14244921
2849,1400864,9238689
2851,1684950,28650038
2853,9157490,25096768
2854,137,28648528
2855,2015190,28677427
2856,319465,28677683
2859,3890972,26382386
2860,541725,1204412
2861,323199,16266082
2863,4568682,25889101
2864,855478,5629592
2868,5344121,15488440
2869,3503781,27314239
2870,3949252,28370207
2871,1319679,18201810
2873,458548,2855437
2875,7180276,18456300
2876,10350891,28649829
2877,2209144,28676842
2883,434239,28012363
2884,453622,28548728
2885,1016379,28203701
2888,57162,25276289
2889,6131442,27901520
2890,277765,24279169
2891,8338057,28546446
2893,367618,2387049
2894,1337867,28447424
2895,285960,25449044
2896,101800,28677714
2897,5355937,28527820
2898,414409,27947092
2899,414409,27947092
2901,280212,21481110
2902,6693717,23481399
2903,1219467,28677762
2906,5607465,28676122
2907,1856621,20291263
2908,2720896,21898975
2913,2145676,23230130
2915,4080058,28602442
2917,6724367,27055032
2918,486017,1099265
2919,950127,28677451
2920,6128538,27220218
2925,1524496,447184
2926,954353,28677704
2927,5724907,28666839
2929,5807972,27900443
2933,1577382,28010340
2934,129097,229738
2935,6257970,28214445
2936,2875833,21995378
2937,2829600,27880728
2938,2961036,22234733
2940,7540669,28677119
2941,952533,28492762
2942,6520476,26347900
2943,3739254,27106216
2944,1934809,28009724
2946,14994,5699974
2947,9285724,25180058
2948,6895040,18620619
2950,1016379,28202866
2951,9402134,26645405
2954,129097,3213293
2955,6497705,28555160
2956,4008177,28251352
2957,146040,14058345
2958,36719,17152891
2960,2242,26096589
2962,5051717,11542384
2967,5308996,28677614
2968,89142,27492076
2969,2539292,6495698
2971,9688418,28677368
2973,7133556,28631940
2976,74308,28140616
2977,17292,15001035
2979,4078062,22573863
2980,5943573,21329921
2981,10161953,28676586
2982,1680823,23717735
2983,5728403,25392255
2986,8853764,28251230
2987,5140097,28524073
2989,2539292,6495082
2991,768321,28425663
2993,771345,19842476
2995,1574519,22088187
2996,584009,27093512
3001,5523239,12997686
3002,615990,24467642
3006,568036,28676548
3009,280212,21481110
3011,8072898,26059030
3013,932918,8058419
3014,6217025,27833580
3015,1377,28646975
3017,3503781,27314239
3018,74308,28140616
3020,4063576,28413548
3021,101800,28677714
3025,9870500,28673012
3026,9946341,28676383
3027,5807972,27900443
3028,5373010,27851384
3029,2868935,28571158
3032,6155064,28677726
3033,9584913,28655105
3034,7336721,27059138
3037,132412,13509108
3038,171040,5051083
3042,471685,28319466
3044,1981539,28192167
3046,1946173,24353303
3048,48235,7408076
3051,5642064,20136009
3052,7486809,28677218
3053,7608189,20550978
3054,5457597,28491996
3056,1144306,14734876
3058,4055382,27514241
3060,9339661,26944422
3061,6214365,28669435
3062,2091439,19386378
3064,4343808,28676431
3065,5412915,28607644
3066,1341245,9759448
3070,7999524,28677720
3071,1760003,28611719
3077,2672306,27217005
3078,428886,28635402
3079,358202,28610369
3081,17292,15001035
3083,1779595,8488437
3089,1749930,28677582
3090,6257970,28214445
3093,519433,28448365
3095,6306058,28672989
3096,378310,27511719
3099,6520476,26347900
3100,56633,6943969
3102,4867510,28648852
3103,9192640,28370316
3104,178734,28543683
3106,405446,3744109
3108,940465,28652876
3109,1585025,28598602
3110,280212,21481110
3111,5231841,27569160
3113,880411,22005660
3114,1779473,24962727
3117,9201970,25173910
3118,7486809,28677218
3119,984183,28672074
3120,922012,21596685
3121,3259988,28620299
3122,8562199,28415488
3123,10152875,23038334
3125,7378879,22621117
3126,2242,26096589
3127,9119326,28641703
3129,102631,1280180
3133,4139576,24252921
3134,4689,27899581
3136,296607,7907581
3137,1093207,3662553
3138,2829600,7930464
3140,10336437,28677283
3141,4961713,28604764
3142,44707,26731726
3144,2936543,28530546
3147,1398544,28595466
3148,1334122,15902335
3151,4316306,28676483
3152,3259988,28620299
3155,367618,5054494
3159,212015,28537702
3160,1576857,28493821
3162,7517989,28677593
3163,1569237,24790836
3165,65952,15177709
3167,5385642,28675188
3170,186612,20770460
3171,3729290,28676110
3172,1779595,8488437
3173,952321,15486567
3175,5975070,17580814
3178,1608521,28677709
3179,5215004,22542759
3180,671018,19783776
3187,412807,28513164
3188,5769356,28653107
3189,1399332,28022004
3191,5775205,28523661
3196,10152875,23038334
3197,6214365,28669435
3199,2615272,26657616
3200,10134418,27667613
3201,19714,28478929
3202,2145676,23230130
3204,367618,10040198
3206,5655775,28563619
3207,280212,21481110
3208,7035156,21889774
3209,7534496,23903780
3211,8442263,26993003
3213,9940752,24703196
3214,183147,28615195
3216,6965803,20122626
3217,6202476,23271328
3219,677436,28020316
3220,5404873,24333720
3221,6548646,27839746
3222,274358,22058370
3224,1503976,10961863
3229,273857,20252671
3231,480938,1241677
3232,2779282,24451324
3233,6214365,28669435
3234,1684950,28650038
3235,8650510,27108467
3236,2725611,12741028
3238,2829600,7930464
3240,10226456,28159605
3242,4867510,28648852
3243,9688418,28677368
3245,10202200,26648611
3246,1192813,25742340
3247,2961036,22234733
3248,367618,10040198
3251,1217675,26648139
3253,5082532,28677767
3255,413544,2465723
3257,5434641,28677503
3261,429529,7588969
3262,3112493,28258658
3264,332496,22036106
3267,212015,28625840
3269,1030442,28674974
3270,896423,23717735
3271,6364195,19178105
3273,5614801,28544805
3274,332496,23243664
3275,10238797,28658682
3277,2188479,28273107
3279,1071302,26454971
3285,8173478,28118339
3289,2922097,28469652
3290,406631,26146564
3292,543483,28558018
3293,3931155,11877982
3296,4764874,16531825
3300,7662768,20041931
3301,740407,24580216
3302,45583,26597398
3305,2819398,28653566
3307,5664046,28677769
3308,1176744,21183471
3309,13516,2080922
3310,2062827,28523417
3313,677436,27654303
3314,280212,21481110
3315,3949252,28370207
3316,379151,4237868
3318,4656219,10589177
3319,367618,10038467
3320,10125388,28586913
3323,932918,8063255
3324,7698292,28677680
3326,50891,28677563
3327,370239,23048534
3328,896423,23808061
3329,6841829,27096824
3330,40180,26510424
3331,3331837,25837286
3332,10352499,28644710
3333,9000293,27146993
3334,212015,28537702
3335,236910,28370114
3336,1467890,8766817
3337,1619869,16129958
3338,1071302,26454971
3342,5570713,28677577
3345,723113,27550173
3348,9877114,28488367
3349,4196261,28640662
3351,6064868,27805488
3352,433707,26847075
3355,4254876,18139110
3356,406631,26146564
3358,6394023,27032782
3360,1221423,9603429
3362,1680823,23717735
3363,6474188,28643363
3364,25086,8528208
3367,367618,10040198
3371,7727148,26708360
3372,9201970,25173910
3374,5614801,28544805
3375,50891,28677563
3376,156903,24994748
3377,6158630,18126008
3378,1181205,28657751
3381,50891,28677563
3382,6158630,15100395
3383,9425487,26250386
3386,5779735,23215539
3389,7718596,28004674
3391,3498059,28542559
3392,3580589,10534723
3393,274358,22058370
3394,6363950,24814799
3395,2487846,26031830
3396,280212,21481110
3398,2162179,4816474
3399,186612,20770460
3402,8495531,28675866
3403,1468831,15790644
3404,1676522,4135420
3406,5308996,28677614
3411,2725611,12306307
3412,5807972,27900443
3413,3811636,19833367
3414,8404759,28671402
3417,7694954,20157059
3419,7384339,28369706
3420,1981539,28192167
3425,6724367,27055032
3428,189618,487836
3435,7184355,28599608
3437,3931155,11877982
3441,10263666,28677679
3442,6563769,28471338
3443,3091808,28677785
3444,6133706,28213857
3445,367618,6756500
3447,1026013,14058646
3449,433707,26847075
3450,5640055,28677793
3456,1030442,28674974
3458,5050871,20822032
3459,4428419,26485421
3461,1672874,14427510
3462,7697146,27050398
3464,6294337,13222817
3465,6965803,20122626
3471,1235441,11671912
3473,8359983,28518572
3475,20201,197672
3476,176815,21054614
3477,3532307,28235730
3479,7219734,28575671
3480,1170565,28644664
3482,1684950,28650038
3484,7673145,24658917
3485,280212,21481110
3486,7694954,20157059
3487,45583,26597398
3488,430267,27176472
3491,6904406,23591183
3492,2188479,28273107
3494,59200,13544898
3496,6548646,27839746
3499,198507,22857626
3501,9397471,25745457
3502,1376714,28677219
3503,8404759,28671402
3504,3471313,28677766
3507,1244159,28677568
3508,3650485,3510804
3509,2725611,15713116
3512,9636201,27946558
3513,8148855,27007413
3517,10125388,28586913
3518,10263666,28677679
3519,7486809,28677218
3520,131982,7653178
3521,3752144,19892380
3522,10336437,28677283
3525,1181205,28657751
3526,6364195,19178105
3527,1671640,24967358
3529,36808,28309288
3530,6667377,20531755
3531,273857,20252671
3532,4058771,28677596
3533,2961036,22234733
3539,15566,10611388
3540,10239510,28350031
3541,2354218,27664020
3543,1033976,28677648
3544,4583857,10415964
3545,1310872,20372057
3549,1725397,28674489
3552,7805013,28544426
3553,1356088,26995510
3556,10172901,28668128
3557,1060921,9512747
3558,1439776,6055237
3561,1243537,28519555
3564,855478,18457766
3565,296607,16332631
3566,3331837,25837286
3568,62708,28111766
3569,137,28648528
3571,746500,28677737
3574,9452791,28677711
3576,1192813,2833260
3577,6394023,27032782
3578,433707,26847075
3579,315097,5924985
3580,9940752,24703196
3581,7757751,28677645
3582,582878,28360533
3587,6193086,23778982
3588,335406,16051158
3590,280212,21481110
3591,10336437,28677283
3594,916259,17069604
3595,182589,26690550
3596,176815,21054614
3597,9000293,27146993
3599,367618,10040198
3600,1170565,28644664
3602,10255598,28677687
3605,6687729,28676343
3607,48235,7408076
3608,1220886,27188826
3609,3699256,8421109
3616,253202,20044005
3619,1275021,3016562
3622,274358,22058370
3623,5664640,28641769
3627,2015190,28677427
3628,922196,28677638
3629,896423,20345659
3633,10247477,28246827
3637,1468831,15790644
3638,10345188,28615103
3639,4764874,16531825
3640,367618,10039899
3641,3467784,27254593
3644,6565577,27690802
3645,2725611,11802466
3646,3084087,28677835
3648,1511745,27637169
3649,9201970,25173910
3651,6241554,23696666
3653,367618,756568
3656,11377,238492
3658,2624357,27418269
3660,10361315,28677587
3661,9809323,28249865
3662,5807972,27900443
3663,6209299,28331016
3664,613568,12983585
3668,120830,28635513
3679,378310,27511719
3680,261601,24293470
3681,10350891,28649829
3683,1811701,17907002
3684,8628581,24818566
3685,131982,7653178
3686,25086,8528208
3687,6914329,28677084
3689,367618,8694598
3691,6042782,14845307
3693,280212,21481110
3694,6667377,20531173
3696,840120,21987817
3697,5514882,13027297
3698,2188479,28273107
3699,3729290,28676110
3700,2720896,21898975
3701,9533150,28464834
3705,312301,26051556
3706,433707,26847075
3707,1074877,26002717
3708,6952185,25744696
3709,8289520,22988319
3710,932918,23305313
3712,131982,7653178
3713,621389,28677594
3714,1616101,28677796
3717,114509,14279740
3719,178734,28543683
3721,2725611,17056902
3722,1616101,28677796
3723,1181205,28657751
3729,5975070,17580814
3730,10330539,28607843
3731,2015190,28677427
3734,7594729,27105028
3735,5807972,27900443
3736,7486809,28677218
3737,9729053,28677761
3738,157093,28173900
3741,534911,28677736
3742,4768816,28022976
3744,480938,10416648
3746,725148,28677804
3748,299901,28665748
3750,9589705,28651176
3751,10332341,28568091
3752,6790201,28650471
3753,3960738,22925974
3755,10238797,28658682
3758,25086,8528208
3760,2738701,25488846
3761,10344742,28657952
3763,2505852,28496881
3765,120830,28635513
3766,334176,6207723
3767,6197214,25332643
3771,10361004,28676298
3772,392344,26349489
3774,2006807,25400725
3776,1619869,16129958
3779,6536597,27317659
3780,2539292,11099534
3781,280212,21481110
3782,5050871,20822032
3786,9452791,28677711
3787,137,28648528
3788,5807972,27900443
3789,8726826,28001861
3792,184107,27638086
3794,1121789,25811730
3800,8173478,28118339
3805,2539292,6495082
3814,10323669,28677789
3815,5960057,23820834
3816,6214365,28669435
3817,8683580,27355650
3818,7316337,28647528
3819,433707,26847075
3820,10359335,28675707
3821,1505706,28672207
3822,10359335,28675707
3823,2819398,28653566
3825,6484805,28613203
3826,920217,28328967
3827,3949252,28370207
3828,101800,28677714
3829,5041473,19246063
3830,178734,28543683
3831,5001959,27992132
3832,889215,28420979
3833,9000293,27146993
3835,1071302,26454971
3840,810348,28670845
3841,2310588,28673876
3843,8962953,24609481
3844,1013655,4822601
3845,888940,10126031
3846,2961036,22234733
3848,2718133,27953405
3851,365243,862712
3852,775727,21528910
3854,8824781,27746956
3855,10336437,28677283
3856,965430,28292130
3862,1334884,26995510
3863,945577,19940883
3864,5422863,12700499
3866,2874368,28406300
3867,7430331,25406543
3869,66577,5152285
3872,6364195,19178105
3873,2069201,16607266
3875,4148384,27948576
3876,1220886,27188826
3877,433707,26847075
3879,10346440,28623192
3880,7809663,28402488
3881,280212,21481110
3882,9688418,28677368
3883,734339,14312560
3885,1396878,10653604
3888,59200,13544898
3893,8742215,26383989
3896,810348,28670845
3897,2159316,28284009
3898,7082786,28507256
3904,2091439,19386378
3909,1472352,24989901
3910,9201970,25173910
3913,5659700,23076963
3914,9000293,27146993
3915,9170316,25136026
3917,9221683,28520835
3919,433707,26847075
3920,1284993,28640290
3921,59884,20170673
3922,880411,22005660
3925,4552789,28675157
3927,1749930,28677582
3928,3631807,28677452
3929,10043058,27580442
3930,718710,28215391
3931,738363,28676583
3932,9688418,28677368
3934,7377220,28676091
3936,10345259,28654719
3938,877530,24076640
3939,7809663,28402488
3940,49754,28218494
3941,854429,28648808
3943,8906777,28649235
3944,293691,833839
3947,2033581,6058151
3948,2033581,6058151
3951,7698292,28677680
3952,1074877,25893970
3953,10336437,28677283
3954,2310588,28673876
3955,1071302,26454971
3956,218840,27932959
3957,429706,28254077
3958,5138409,28633224
3960,10237245,28311409
3961,20474,17826716
3966,5438380,28670161
3967,3346926,24432107
3971,5346747,27003795
3972,87436,28373474
3975,192891,28606532
3976,3103577,28633342
3977,280212,21481110
3978,378310,27511719
3979,4019937,28540757
3980,3253730,23990498
3981,1284993,28640290
3982,10346440,28623192
3986,3503781,27314239
3987,1807191,16554941
3988,1616101,28677796
3990,6214365,28669435
3991,66577,5152285
3992,2955890,27322641
3993,2112033,28676854
3995,9084685,14552429
3999,6654824,17147171
4000,6064408,28595435
4006,1779595,8488437
4007,544667,23431546
4008,2547757,28677565
4010,3465892,28643264
4013,8518239,28677863
4014,97443,28570150
4015,7316337,28647528
4016,1165609,28654260
4020,2359092,28639200
4021,8289520,22988319
4022,5659700,23076963
4025,1181205,28657751
4026,1631077,28573050
4029,44939,10467655
4030,9452791,28677711
4031,2825606,28059809
4032,3495129,24147122
4034,10205208,28077075
4037,1398544,28595466
4038,10172901,28668128
4039,129196,10435975
4040,6214365,28669435
4041,926454,9457897
4042,926454,8733526
4044,1211980,22677695
4045,72053,247909
4046,8675834,23728095
4048,6158630,18126008
4050,1457540,28531556
4052,286694,21868831
4053,6158630,15100395
4054,1734986,28677758
4055,2101973,24664906
4056,5497144,28676316
4058,4000880,22237229
4059,1217675,26648139
4060,2760391,8588051
4061,1856621,20291263
4062,7486809,28677218
4063,66577,5152285
4065,5184102,2365549
4066,343265,28533774
4068,157695,21144145
4069,4970,12040130
4070,8185253,28530222
4075,964048,22803845
4076,4978902,23820660
4077,2501598,17234057
4078,406832,7672454
4079,1097481,22718672
4080,5571990,14244921
4087,280212,21481110
4088,433707,26847075
4091,4573144,28677701
4095,8628581,24818566
4096,4764874,16531825
4098,5853482,28677831
4099,210312,25281621
4100,1967302,23775072
4101,6654824,17147171
4102,343265,28533774
4103,210312,16091467
4107,12637,9399334
4108,4540331,18603823
4109,2725611,14629304
4111,10361315,28677587
4112,941829,14258404
4113,42681,22087319
4114,422057,24695098
4118,97443,28570150
4119,5355937,28527820
4122,10361004,28676298
4124,137,28648528
4125,6757714,17236735
4126,2033581,6058123
4127,2033581,6058123
4129,7384339,28341661
4131,74345,15576121
4132,4186413,26406021
4133,433707,26847075
4134,277116,15558946
4136,2819398,28653566
4137,6500800,28507862
4139,184107,27638086
4140,9518552,28370383
4141,8338057,28546446
4142,6064408,28633990
4143,7006585,28677727
4145,7701591,28658120
4148,10178301,23853939
4149,2501598,17234057
4150,4573144,28677701
4151,688110,28447564
4152,6477435,16159065
4158,10336437,28677283
4161,71051,24968828
4164,2359092,28639200
4165,2049650,19821157
4167,1256464,15032738
4170,3890972,26382386
4171,1743446,16036505
4172,184107,27638086
4173,5231841,20782655
4174,1472352,24989901
4175,9688418,28677368
4176,2983685,7228380
4177,9201970,25173910
4179,280212,21481110
4181,952533,28492762
4182,5105060,23840216
4183,1136739,25250498
4184,1376714,28677219
4186,1684950,28650038
4187,2710323,17152267
4190,684117,28468923
4192,697964,28109544
4194,446833,13186315
4195,446833,13186315
4197,192891,28606532
4201,6404175,15919430
4202,310709,10727057
4203,284414,24388156
4206,71317,16833966
4207,68174,25943697
4213,484075,9736099
4214,3495129,24147122
4216,185130,25533998
4218,179734,302322
4219,4573144,28677701
4221,10161953,28676586
4222,2848,5633375
4223,466764,18694368
4224,814471,17971324
4225,3459800,28677612
4227,10336437,28677283
4229,1457540,25627951
4230,8930578,28677716
4231,8701582,27999884
4232,8453899,28677555
4233,6807088,28677820
4236,1018160,28677880
4237,1284993,28640290
4239,1218561,28547499
4240,7454972,23008502
4241,9152315,28635890
4243,1326811,28554078
4244,1161435,26493366
4245,6130227,28282710
4247,5975070,17580814
4248,1126864,26729159
4250,9452791,28677711
4251,430345,9585555
4252,6895040,18620619
4255,10361183,28677844
4256,7227500,28670185
4258,5835336,28614339
4261,7908057,28494918
4262,280212,21481110
4263,959622,4693675
4264,6895034,21103899
4267,5728403,25392255
4268,5672800,28040555
4269,7421004,27590695
4270,6042782,15080619
4271,4452260,18956585
4273,5779735,23215539
4274,7308591,28650616
4277,1326811,28334170
4278,429529,7588969
4279,920217,28328967
4281,1585025,28598602
4282,66577,5152285
4283,5138558,19782742
4290,8303419,22397633
4293,7328115,20341239
4294,348094,28552156
4295,5633782,28673858
4296,391350,26162869
4298,1161435,26493366
4299,30442,9365475
4302,2992358,25042005
4303,6914584,28651298
4305,30442,9365475
4306,8471860,23043434
4307,7694954,20157059
4308,1326811,28334170
4311,1831111,13662106
4312,1450515,24016636
4316,62708,28111766
4317,4573144,28677701
4318,1220710,28531105
4323,831867,4198124
4330,10330539,28607843
4331,310709,28556360
4334,253237,28677238
4336,3991445,26567815
4338,2961036,22234733
4342,896423,13655949
4344,2284720,26514050
4346,1144306,14734876
4347,8908145,25492727
4348,8185253,28530222
4349,129196,10435975
4351,2482253,22826684
4352,1436727,20540592
4357,280212,21481110
4358,19950,23808489
4359,310709,10020253
4363,2455515,27744948
4364,1310872,9332135
4366,2922097,28470789
4368,176815,21054614
4370,173661,14601190
4371,137,28648528
4373,6833282,28108871
4376,24109,28546397
4377,2793688,10349104
4378,4953234,26326735
4379,173661,17067597
4383,7517989,28677838
4385,10338450,28589085
4386,1585025,28598602
4387,7541381,28534313
4391,10336437,28677283
4395,3487531,28677679
4396,577668,26452768
4398,9452791,28677711
4399,242598,28610560
4402,1312081,16061165
4403,416977,28387948
4406,161631,22484898
4408,1176337,27021189
4409,916259,28677895
4410,6895034,21103899
4411,5853482,28677831
4413,4528105,21710732
4414,896423,22484898
4416,54422,28452652
4417,1684950,28650038
4418,9494607,26043026
4419,71051,24968828
4420,1476820,28550435
4421,5294486,28242839
4423,2438869,20086003
4424,6561166,22066165
4425,931928,2918806
4428,1923870,20016880
4429,8132102,18663590
4430,106511,28373474
4431,54422,28452652
4433,9201970,25173910
4434,31769,28677217
4436,378310,27511719
4437,1518183,27064729
4439,8034059,21377779
4440,814772,3925242
4442,253237,28677238
4445,1225898,27291887
4446,1550763,21642960
4449,3301915,13352640
4450,7454972,23008502
4456,5570713,28677577
4459,460371,24247872
4460,8077673,28677149
4461,3008744,23500192
4462,4758096,13674303
4463,3290873,17717497
4464,280212,21481110
4467,775431,18839749
4476,4573144,28677701
4477,1364019,23524503
4479,53352,1963492
4481,6691262,17432357
4482,2159316,28284009
4483,7841618,28676566
4484,1514700,23509495
4486,7486809,28677218
4488,9656280,28572674
4491,5894272,18472516
4493,8854341,28281419
4494,2347227,15656147
4496,44939,10467655
4497,2482253,22857121
4505,1530016,5954894
4507,7316337,28647528
4508,1585362,21992247
4509,189133,487849
4510,1269896,27288264
4511,5432054,24423073
4512,7454972,23008502
4514,2657901,14546116
4518,284414,24388156
4522,646253,3932498
4525,8632167,28676081
4526,4196261,28640662
4530,1589480,14002592
4531,2438869,20086003
4532,5636101,25383874
4535,7031175,20030571
4536,36808,28006164
4539,6291044,28317581
4540,280212,21481110
4541,7866761,28292022
4542,39936,26354093
4546,1239679,21390245
4547,965430,28292130
4549,6188386,28242145
4550,6520916,27150469
4554,2438869,20086003
4556,1244159,28677568
4557,1217675,26648139
4558,8865501,25412032
4560,153279,615096
4561,2539292,6495465
4562,2465791,28636657
4563,3173496,28674650
4566,7308591,28677902
4568,192891,28606532
4570,5473908,27609108
4571,7486809,28677218
4573,4573144,28677701
4574,6484805,28613203
4577,2539292,6495082
4579,877616,27910085
4582,155328,378405
4583,7316337,28647528
4587,655838,28662798
4589,8077673,28677149
4590,987656,25607801
4591,4573144,28677701
4594,6462673,18017865
4597,512386,25924523
4599,9941464,28674656
4600,8535292,25610435
4603,34314,24113646
4605,2553386,25789351
4606,2475251,28579201
4607,9939059,25492179
4609,8078764,21536118
4610,8699738,28651515
4611,4675662,7844340
4614,7086214,20281714
4615,324887,13851456
4617,161631,22484898
4623,2963558,24800334
4625,614573,26839356
4626,10361298,28677764
4628,13564,28672247
4630,280212,21481110
4631,3777877,28416782
4633,5281068,18470436
4635,691989,222298
4636,1220927,3286219
4637,2725611,16350266
4638,10272033,28611597
4639,7391433,28642919
4641,1312081,16061165
4642,4573144,28677701
4643,6158630,18126008
4644,926454,9457897
4645,9664245,27954634
4648,671977,12979789
4649,7575914,28357443
4650,6158630,15100395
4652,6182224,3989388
4658,3750649,28534956
4659,10353590,28677028
4660,208054,23116127
4661,1144306,14734876
4662,5432054,12745236
4671,3949252,28370207
4672,1133652,18115347
4673,1684950,28650038
4674,9201970,25173910
4676,1290832,4924151
4677,1923870,20016880
4678,5261908,28677880
4682,680525,27356124
4683,69591,28582477
4685,2359092,28639200
4688,3084087,28677835
4691,7751315,27552091
4692,152014,1330465
4693,2559195,28531445
4694,3710230,28060045
4696,8078764,27171508
4697,7471,28616410
4698,9452791,28677711
4699,5975070,17580814
4703,5294486,28242839
4706,1631077,28573050
4707,101082,28254547
4708,915424,25383178
4710,339433,28460593
4712,9774032,28612714
4713,9373002,10040379
4714,367618,10040198
4715,680525,27356124
4716,1597820,21388511
4717,10154533,27936894
4718,3171473,22584262
4719,5153370,28325104
4720,6132330,26820842
4721,10334573,28576514
4722,4108654,28571212
4726,280212,21481110
4727,2327556,28650841
4729,5500712,28006225
4730,1317792,10446275
4731,1749930,28677582
4732,2033581,6058234
4733,2033581,6058234
4734,2033581,6058234
4735,2033581,6058234
4736,2033581,6058234
4737,2033581,6058234
4738,2033581,6058234
4739,2033581,6058234
4740,2033581,6058234
4741,2033581,6058234
4742,8070151,26502074
4743,2033581,6058234
4744,2033581,6058234
4745,2033581,6058234
4746,2033581,6058234
4747,2033581,6058234
4748,3024032,27590609
4751,8632167,28676081
4752,4108654,28571137
4753,7316337,28647528
4756,7076322,18160176
4757,9939059,25492179
4760,2278582,28391980
4761,3653809,28677388
4764,20201,4302743
4765,6895040,18620619
4766,5659700,23076963
4768,3503781,27314239
4770,4249557,11967309
4771,579357,20005405
4772,5455031,19514776
4778,373823,15718405
4782,5341072,23541166
4783,949494,28677936
4784,3939417,12428376
4785,1734986,28677758
4786,116447,28677867
4787,1686451,24793015
4791,7279452,28663473
4792,10049531,27440702
4793,2961036,22234733
4794,4161517,15519902
4795,5775632,28676222
4796,2438869,20086003
4797,8061991,28428078
4798,1400864,6437150
4801,5432054,12745236
4802,5853482,28677831
4803,5606771,28014200
4804,9855524,26891487
4805,1908830,9974276
4806,4196261,28640662
4809,3323703,28168069
4810,5601186,18326701
4812,5138409,28633224
4814,113440,27741629
4815,2713846,19545865
4821,1853260,26879814
4822,36131,28677920
4824,1017605,28666633
4826,3996823,28677653
4828,544667,23431546
4830,7945170,26094346
4831,5481657,19794517
4832,2438869,20086003
4833,1684950,28650038
4834,7534496,23903780
4835,3730605,28451238
4840,280212,21481110
4842,1436383,28674120
4845,534911,26758092
4846,1852283,26372861
4848,36392,19508919
4852,9939059,25492179
4854,8469211,28122991
4855,148927,25614169
4856,819213,28571384
4857,362745,5299477
4858,5500712,28006225
4859,471685,27456612
4860,931421,13794677
4862,582878,28360533
4863,6132330,26820842
4865,10352573,28669115
4867,9901767,28670194
4870,8931626,25046277
4871,7594729,27105028
4874,5386917,15923027
4875,2883270,18592954
4876,7810348,28676958
4878,6214365,28669435
4879,840120,21987817
4880,2482253,6665452
4883,2565176,28610415
4886,5728403,25392255
4888,176815,21054614
4889,9663797,25996056
4890,3376600,28653140
4891,4529377,28677700
4892,9713942,28488098
4893,367618,11673915
4896,6895040,18620619
4899,176815,21054614
4902,683439,27947708
4905,1181205,28657751
4907,7727957,21833720
4909,3692062,28464657
4910,3913977,28673893
4913,4829,11164718
4914,4343808,28677839
4916,3519911,28639950
4921,10351997,28654239
4922,6062588,28677797
4923,514438,28662138
4924,8697394,23804885
4925,74169,28564984
4928,1125622,6439786
4929,280212,21481110
4932,4317587,22069872
4934,7384339,28313408
4935,3124443,28650418
4936,577668,26452768
4939,1125622,6439865
4943,226585,14289657
4945,8946755,28660912
4946,3157196,28315501
4948,10361315,28677587
4949,9201970,25173910
4952,3811636,19025999
4953,9205456,28667691
4954,296116,28544148
4955,429706,28254077
4956,66577,5152285
4958,6214365,28669435
4964,1290832,4924151
4966,7376266,10052229
4967,10178301,23853939
4968,900775,28609910
4970,4529377,28677700
4971,544667,23431546
4973,44939,10467655
4974,153279,615096
4975,19875,8973396
4983,9285724,25180058
4984,6014442,27689914
4990,877616,28677779
4992,9539839,28327047
4994,4380972,27618890
4996,5455031,19514776
4998,653722,17764313
4999,653722,17764313
5000,9901767,28670194
5001,5943136,24358947
5003,1161671,28671165
5004,3489773,15461243
5005,2428282,28521029
5008,1646057,17730514
5009,8753701,28343735
5010,5905026,26885167
5012,550895,15857755
5016,3134745,28277457
5021,1912217,28662515
5022,5422053,27939521
5023,6808940,28313450
5026,7534496,26063060
5027,6214365,28669435
5029,6571378,28677445
5034,280212,21481110
5035,900775,28606142
5036,7132034,28549025
5037,6364195,19178105
5038,3316756,21396295
5039,939501,26890779
5040,5422053,27939521
5041,2033581,6031942
5043,2033581,6031942
5044,2713846,19524156
5045,9339661,26944422
5046,4953234,26326735
5052,4118674,28519640
5053,2916945,8710498
5056,5211568,21833183
5057,1243435,21989579
5059,1530016,5954894
5060,4883505,24070067
5064,6154548,28470344
5065,34314,28457115
5066,344861,28654334
5067,7454972,23008502
5071,2376591,27364941
5076,13717,20634788
5079,242598,28610560
5080,8451865,28523545
5081,189129,27685744
5082,5975070,17580814
5085,5425005,26697962
5087,211395,28677903
5089,167236,3472786
5090,2784192,11155663
5098,9514130,27696068
5099,7979969,21182346
5101,9135474,28677537
5106,4196261,28640662
5107,7144417,24952737
5108,9452791,28677711
5109,1912217,28662515
5110,5017593,26055842
5111,358202,28610369
5112,7809663,28402488
5113,280212,21481110
5114,1332500,3597853
5115,1888089,8883259
5116,1447922,28677872
5119,5101884,28562333
5121,44939,20682452
5122,6154548,28470344
5124,3344856,9285950
5128,466764,1514290
5129,2131591,25274128
5130,1619869,16129958
5133,367618,11672686
5135,6364323,3234987
5137,10273496,28357187
5141,1782831,28302097
5142,10351997,28654239
5143,148927,25614169
5145,1684950,28650038
5147,6188386,28242145
5148,3316756,21396295
5151,3467784,27254593
5153,2311760,23572310
5155,854429,28648808
5156,1924134,15032076
5157,10049531,27440702
5158,6062588,28677957
5159,3489773,15461243
5160,3094277,16188576
5161,5055234,28544274
5163,534911,26758092
5164,5853482,28677831
5166,1181205,28657751
5167,3949252,28370207
5168,7533168,28667990
5170,6807088,28677829
5174,5728403,25392255
5175,709247,28201380
5177,1585362,21992247
5178,2033581,6058151
5179,7607,13803
5180,2033581,6058151
5183,378310,27511719
5184,1802542,4967600
5186,7811180,28677878
5187,9201970,25173910
5188,8350185,28634222
5189,2033581,6058123
5190,2033581,6058123
5191,280212,21481110
5194,4088016,12146969
5197,916259,17069604
5198,1239679,21390245
5199,10352573,28669115
5200,8362393,28536680
5202,1371300,27575221
5204,1530016,5954894
5205,2033581,6058234
5206,2033581,6058234
5207,2033581,6058234
5208,2033581,6058234
5209,2033581,6058234
5210,3521597,28020580
5211,9255825,27977882
5212,2033581,6058234
5213,2033581,6058234
5214,1032160,26477497
5215,2033581,6058234
5216,2033581,6058234
5217,2033581,6058234
5219,2033581,6058234
5220,2033581,6058234
5221,2033581,6058234
5222,2033581,6058234
5223,2033581,6058234
5228,3123221,28664750
5229,9452791,28677711
5231,5659700,23076963
5232,2033581,6031942
5233,2033581,6031942
5237,367618,10040198
5238,4674581,28405862
5240,6014442,27689914
5241,13122,24548800
5243,4764874,16531825
5244,7938534,28461053
5245,2015190,28677427
5246,10273496,28357187
5247,1400864,6451846
5248,148927,25614169
5251,8838361,28570090
5252,6484805,28613203
5254,8924713,28645826
5256,1060921,28664614
5257,4196261,28640662
5258,775431,18839749
5259,5344121,21522534
5262,2637020,28677946
5263,713424,25185119
5265,458892,22987680
5266,8077740,21585818
5268,220183,28677927
5269,52870,8870570
5270,8034059,21377779
5277,3241245,28258232
5281,10333267,28546174
5282,1888089,8883259
5283,939501,26890779
5284,52870,8870570
5285,7929451,25135859
5286,541725,1969632
5287,584009,27093512
5288,3270119,28667121
5289,416977,28387948
5295,1447922,28677872
5296,986543,28555893
5297,559039,28251352
5301,6158630,18126008
5302,2698813,17672250
5303,1888089,15034137
5304,434885,23546042
5305,444263,8067787
5306,7454972,23008502
5307,6744175,28674263
5308,6158630,15100395
5309,7970490,28527603
5310,3123221,28664750
5311,8675834,23728095
5313,569071,28666884
5315,8305550,28646347
5316,429529,7588969
5317,9589705,28651176
5318,5294486,28242839
5319,2762492,27456039
5320,10162432,27906179
5321,8714716,28056661
5324,1577382,28010340
5327,280212,21481110
5330,1888089,15034137
5331,342554,28551492
5332,148927,25614169
5333,1856621,20291263
5335,6299681,22772289
5339,10148214,28677952
5340,50891,23131813
5341,50891,23131813
5344,5001959,27992132
5347,5661825,27315397
5348,9775118,28647997
5350,6200806,26594411
5352,7817509,28149978
5353,7132034,28549025
5354,3187689,25584875
5355,67641,15984451
5358,10351997,28654239
5359,2287209,10021385
5360,1550763,21642960
5361,7841618,28676566
5362,3316756,21396295
5365,583593,5438867
5366,3134745,28277457
5367,358202,28610369
5371,2209144,28676842
5372,657389,6309879
5373,5892594,28358863
5374,4660659,28657466
5375,296116,28544148
5377,5520281,28677933
5380,4655105,24919423
5381,8382048,28206813
5382,9373566,28616049
5383,3511432,13817352
5384,5341072,23541166
5385,613736,28655268
5386,1371300,27575221
5388,3489773,15461243
5390,602423,28677884
5391,8061991,28428078
5395,1500290,26823843
5396,518233,25307615
5398,2226031,21263487
5400,6670569,27775655
5401,43589,28468140
5402,7441147,27200526
5404,2720896,21898975
5405,1619869,16129958
5407,9220038,28648586
5410,480938,7426399
5411,1181205,28657751
5412,252278,28677803
5413,6722411,28676639
5414,5943136,24358947
5415,615990,24467642
5416,101800,28677714
5417,920217,28328967
5419,534911,26758092
5420,9452791,28677711
5421,9775118,28647997
5423,4552789,28675157
5426,615121,17423002
5427,115237,5634276
5428,6895040,18620619
5429,7454972,23008502
5430,429706,28254077
5432,5195533,26234673
5433,6851146,28572633
5434,367618,10039899
5435,280212,21481110
5436,1447922,28677872
5437,8152847,28611597
5438,5975070,17580814
5440,6014442,27689914
5441,186612,20770460
5442,1307829,24916708
5443,7421004,27590695
5444,4119931,16116287
5445,8072898,26059030
5446,3890972,26382386
5447,3160169,23280929
5450,753460,28569531
5453,9755468,26832780
5454,1517226,19353657
5456,735008,28620211
5459,5292662,28677548
5460,5892594,28358863
5462,50139,100181
5463,6484805,28613203
5464,1536935,21908402
5468,6324595,28655113
5472,932918,8063255
5473,4380972,27618890
5474,486644,24382788
5475,44939,20682452
5477,1991633,28008578
5478,6214365,28669435
5479,3386273,18156369
5480,6111474,28571145
5485,9201970,25173910
5486,8703251,23813546
5490,10351997,28654239
5491,296116,28544148
5492,5779735,23215539
5493,6042782,15080619
5494,5728403,25392255
5495,6955349,27822066
5501,945446,14090992
5502,641261,22704261
5503,1734986,28677758
5512,3290873,17717497
5513,367618,26532168
5515,66577,5152285
5516,9135474,26879361
5518,280212,21481110
5522,599638,8367594
5523,6570945,28153594
5524,1583730,7885934
5525,1138857,28677642
5527,6455098,28648815
5528,916259,17069604
5529,8340922,28577652
5530,1279060,26846490
5533,1249764,7464079
5534,6992972,20367998
5535,1865016,17906147
5538,615990,24467642
5540,115237,21323691
5542,7534496,26063060
5543,3489773,15461243
5544,8146180,28285123
5545,4636406,27044282
5546,189133,487849
5548,10361338,28677651
5549,7043070,28530776
5551,5211568,21833183
5557,5138409,28633224
5558,6684315,23924537
5559,1572895,28677909
5560,2711945,22435859
5561,3699256,25527315
5564,6214365,28669435
5567,189129,27685744
5568,597300,28368906
5569,5806135,27728934
5570,19422,28678001
5571,117295,22291919
5572,7817509,28149978
5574,7751315,27552091
5577,1684950,28650038
5578,9220038,28648586
5581,556505,15572464
5583,53352,1963492
5585,3152062,21964910
5586,514438,28677962
5588,7637494,28275582
5589,932918,23305313
5594,10148214,28677952
5595,1431805,28504409
5596,10351997,28654239
5597,10344742,28657952
5599,7120810,17375822
5600,2373357,28677510
5601,1016379,28202866
5602,7454972,23008502
5603,569071,28666884
5604,115237,24764697
5605,3197761,18039094
5608,952533,28492762
5611,5505674,16890159
5612,6214365,28669435
5614,280212,21481110
5615,5659700,23076963
5617,1074877,25893970
5618,9038488,28460218
5619,9623122,26354071
5620,9623122,26354071
5622,2637020,28677946
5623,10093273,28159475
5624,10093273,28159475
5627,220183,28677927
5628,550006,19060965
5633,5281068,13315305
5637,1572895,28677909
5639,7534496,26063060
5642,1176337,27021189
5643,4036492,11436474
5650,549519,28677160
5653,2166111,16525002
5658,2192439,24877450
5659,10273496,28357187
5661,1218561,28547499
5668,1221423,9603429
5669,117295,22291919
5670,1652699,28289664
5671,10049531,27440702
5673,3124443,28650418
5677,6763379,19961042
5678,101800,28677714
5679,5323256,25370268
5682,1786821,28671919
5683,650357,26338428
5685,10352573,28669115
5687,8285296,22320462
5689,6895040,18620619
5690,220183,28677927
5695,5652491,27911062
5703,4582543,25717388
5704,1449778,28676506
5705,4108654,28571212
5706,155953,28519068
5707,2637020,28677946
5708,2868935,28642034
5711,1615,1359705
5719,3124443,28650418
5721,280212,21481110
5723,9353400,28642665
5724,5997696,20198782
5725,4088016,12146969
5727,7534496,26063060
5728,2461323,28615868
5729,1221156,28673837
5730,44707,26731726
5731,4262197,21085682
5733,1865016,11549335
5734,3188588,27524578
5737,1370064,28678024
5740,6364195,19178105
5741,1121789,25811730
5744,3777877,28416782
5745,4181161,28090675
5747,3004839,28676004
5748,1908830,9974276
5750,5138409,28633224
5751,2637020,28677946
5753,5721615,13690115
5754,945228,28215910
5757,8802564,28478944
5758,4368690,28468274
5760,1198183,10257627
5763,1261331,16473585
5764,9201970,25173910
5766,580225,28580409
5774,10345188,28615103
5776,5713485,18900363
5783,10238445,28208090
5784,5779735,23215539
5785,1334884,26995510
5786,2539292,11099534
5788,330036,1226561
5789,641261,22704261
5793,220183,28677927
5794,6831,28616088
5795,3699494,26512969
5796,4175278,23034563
5800,2075310,28022077
5802,2539292,6495082
5803,5728403,25392255
5806,70335,13893582
5810,280212,21481110
5812,952533,28492762
5813,9285724,25180058
5814,2731239,19897997
5827,2880929,28671714
5828,296116,28544148
5829,1865016,17906147
5830,5625263,27367962
5831,5713485,18900363
5832,8362393,28536680
5833,9190378,27465200
5837,458892,22987680
5838,189618,487828
5840,6193231,20035848
5841,3627377,27103377
5842,6574372,28404306
5843,3124443,28650418
5844,312301,26051556
5848,7487345,28356801
5849,10310054,28516522
5851,5642064,28059485
5852,2790604,12435095
5855,4368270,28275735
5857,3123221,28664750
5859,4148545,26287211
5861,261601,24293470
5862,5943087,28675308
5863,10049531,27440702
5865,4718476,25086625
5869,6753,22535845
5870,6209299,28331016
5873,5455031,19514776
5875,514438,28662138
5876,7728157,21549222
5878,1181205,28657751
5881,1384435,25830900
5882,1161435,26493366
5883,416977,28387948
5884,9728079,26607117
5885,241176,26739042
5886,171072,16994292
5888,7334469,28677361
5890,10351997,28654239
5891,117295,22291919
5893,87436,28373474
5894,1684950,28650038
5895,3493763,28478834
5897,280212,21481110
5898,129196,10435975
5901,3259988,28620299
5902,33424,28674894
5903,2015190,28677427
5904,5779735,23215539
5906,6418489,21640233
5907,4186413,26406021
5911,6831,115984
5914,1511745,27637169
5915,234276,8105769
5918,641261,22704261
5919,1026154,28368289
5920,1710847,28495624
5921,1285287,28648883
5922,99781,19880102
5923,961966,28676190
5924,7938534,28676137
5929,7534496,26063060
5931,3675092,28643047
5932,5095603,4537830
5933,3316756,21396295
5936,534911,26758410
5937,5806135,27728934
5938,947143,27692744
5939,6722411,28676639
5943,6158630,18126008
5945,6158630,15100395
5946,247927,25780987
5948,6561166,22066165
5950,2489906,23551479
5951,2790604,14275631
5952,10351997,28654239
5955,9452791,28677711
5956,5455031,19514776
5957,149506,19753490
5961,5952569,28384550
5962,5438380,28670161
5963,1530016,5954894
5964,3459800,28677612
5965,10310054,28516522
5968,5472291,28663515
5969,5943136,24358947
5971,2015190,28677427
5974,5713485,18900363
5975,762456,28677988
5976,807483,25890468
5977,25510,7512664
5979,65952,18747374
5980,3316756,21396295
5981,367618,10040198
5982,4552789,28675157
5984,1484886,19415093
5985,547450,22712276
5987,781073,28519238
5988,484068,5188983
5989,1626426,14915760
5990,6455098,28648815
5991,602423,27200127
5992,132412,13509108
5993,280212,21481110
5996,1239679,21390245
5999,1384435,25830877
6000,584009,27093512
6001,8646562,28557787
6004,210312,25281621
6005,9201970,25173910
6006,1623882,28573895
6007,2637399,23029657
6008,1653275,28492157
6010,6866184,28664750
6013,4552789,28675157
6014,1060921,28664614
6016,1276678,13319158
6017,2626059,26039047
6018,1227992,7396761
6021,2373357,28677510
6023,1129910,21798503
6026,5853482,28677656
6028,4712930,28678025
6029,2031812,20266504
6030,1291511,28548276
6033,10263666,28677679
6034,7454972,23008502
6035,1459612,28335773
6036,506010,13913264
6039,713424,25185119
6042,1334884,26995510
6045,613568,2138392
6046,4779042,21256946
6048,4552789,28675157
6049,9589705,28651176
6050,440814,25999714
6051,6911419,28657371
6055,446833,13186315
6056,3960243,11877133
6057,446833,13186315
6061,6914329,28677084
6062,9450064,28677524
6063,280212,21481110
6064,6484805,28613203
6065,45143,3574573
6066,718899,26720297
6076,242598,28610560
6077,1181205,28657751
6079,10125388,28586913
6082,373823,15718405
6087,20232,28517428
6088,3532307,28235730
6090,5323256,25370268
6093,2539292,6495874
6094,4552789,28675157
6096,24870,28598724
6101,50891,26407499
6102,1286742,19049758
6103,10361104,28676704
6104,10350891,28649829
6105,6214365,28669435
6107,5247280,28671399
6109,1895281,28645832
6110,2539292,6495082
6112,4675662,7844340
6115,1550763,21642960
6120,1517226,19353657
6121,9730086,28677288
6123,10154533,27936894
6124,4077106,23571144
6125,2695982,28612055
6131,50891,26407499
6132,440405,18267935
6133,5263928,27937573
6134,280212,21481110
6137,5155966,16009240
6138,367618,10038467
6143,1680823,28604834
6144,5520281,28677933
6145,4634242,26194702
6147,779307,28610133
6148,6392429,28651421
6149,7796312,28654546
6150,9946341,28676383
6151,7902778,28616861
6152,193937,10005030
6153,7587082,27349174
6156,6386297,27017012
6158,615121,17423002
6160,53785,19799491
6161,6090555,23885494
6163,6561166,22066165
6164,3289698,28678046
6165,1558033,23894134
6166,10336437,28677283
6168,8535292,25610435
6171,4335742,26815515
6173,9636201,27946558
6174,1075736,25503840
6175,1423378,26040848
6177,2983685,7228380
6178,436273,25449161
6180,1330309,25877699
6182,171072,16994292
6183,10330539,28607843
6184,71051,24968828
6186,8248318,27020670
6187,53785,19799491
6188,199813,1385122
6189,3259988,28620299
6190,6767374,28678022
6191,7751315,27552091
6196,8204683,25185119
6197,6214365,28669435
6198,2677430,26987949
6199,939254,6039411
6200,512386,25924523
6201,4186413,26406021
6202,8714716,28056661
6205,8204683,28659201
6208,1026154,28368289
6211,168476,28543105
6213,1181205,28657751
6214,4371011,28672554
6217,8019881,21329550
6220,2483249,28644168
6223,9201970,25173910
6224,2580575,28674794
6225,961966,28676190
6227,226950,28649464
6228,950127,3557653
6229,6133025,28051911
6230,280212,21481110
6232,1608583,26138135
6233,1017605,28666633
6234,413544,2465723
6238,3803209,28675537
6239,98444,28279262
6240,9852059,27614389
6242,2797747,28634424
6243,10202265,28063675
6245,6214365,28669435
6246,6563111,3234987
6247,136007,27977933
6248,6851146,28572633
6249,1161435,26493366
6250,2626481,24117662
6251,9402134,26645405
6255,7938534,28461053
6256,1370064,28678024
6257,6529689,28280392
6258,5206490,23681831
6260,10003977,28616939
6264,6895040,18620619
6267,961966,28676190
6268,171072,16994292
6270,10361104,28676704
6271,6182224,3989388
6274,6047958,24829210
6275,429529,7588969
6276,168476,28543105
6277,8132102,18663590
6278,1221156,28673837
6279,440405,18267935
6280,1032160,26477497
6281,1806869,27736686
6283,4088016,12146969
6284,2916016,28609731
6288,10048286,27976213
6289,10298389,28674886
6290,1765983,27712061
6292,3960243,15177111
6293,10163916,28122442
6294,1554150,3768025
6295,1554150,3768025
6299,7528580,25899992
6300,779307,1728382
6302,367618,16819408
6306,9135474,26879520
6310,30968,9447707
6313,65952,18747374
6314,1298833,26045164
6317,1619869,16129958
6318,10350891,28649829
6319,109874,28637357
6325,280212,21481110
6326,6635401,28054735
6327,918857,14849761
6328,2209144,28676842
6330,5095603,4537830
6333,5728403,25392255
6337,8882603,24382269
6338,654934,20811526
6339,7387879,28354666
6340,251248,28060257
6341,3804282,28535863
6342,1530016,5954894
6345,4036492,11436474
6346,6243348,28635941
6347,6484805,28613203
6349,10310054,28516522
6350,566958,5712116
6351,4380972,27618890
6353,87915,14829187
6354,121935,28362304
6357,4077106,26393800
6359,7662278,22906142
6360,78642,6018009
6361,7267713,28422062
6363,6294120,28673882
6365,5323256,25370268
6366,79638,2840960
6367,55977,2202183
6369,430267,27176472
6370,725613,26850114
6371,367618,10038467
6374,3777877,28416782
6375,3467784,27254593
6376,4764874,16531825
6379,7090779,27922691
6382,1690225,28678041
6383,9946341,28676383
6387,3794984,25110710
6388,1221092,8122790
6389,1060921,28664614
6390,10355294,28674491
6391,2925915,28677535
6393,1946173,24353303
6396,4552789,28675157
6397,87915,14991487
6399,3425571,27466442
6400,4552789,28675157
6401,3780774,24546982
6408,6069593,28648040
6409,10361104,28676704
6412,5625263,27367962
6413,10004698,28538344
6414,9452791,28677711
6415,9135474,26998114
6416,7737874,27507850
6418,950127,2968000
6419,280212,21481110
6420,3504981,26091732
6422,3650755,11771697
6423,50891,26407499
6425,50891,26407499
6426,1161671,28671165
6427,2983685,7228380
6429,3730605,28451238
6431,171072,16994292
6434,5138409,28633224
6436,5292662,28677485
6437,9452791,28677711
6438,6529689,28280392
6439,287491,27677770
6440,7283765,19638168
6441,1457567,27944635
6442,1144306,23505879
6444,13516,2080922
6445,9361180,27990251
6449,1432111,28677735
6450,6678077,25483811
6451,5257160,8063255
6454,1134186,26226493
6457,7727148,26708360
6459,2267126,7297634
6460,5973601,28613611
6461,1967266,28677997
6462,993322,3431193
6463,2916016,28609731
6464,10344742,28657952
6468,1175058,28676299
6472,4552789,28675157
6473,2189609,23735021
6474,10352573,28669115
6479,6644994,28677357
6480,9201970,25173910
6481,5939461,18761819
6483,183255,1370308
6484,617057,18209555
6485,10195800,28524925
6492,7471,28616410
6493,4779042,21256946
6495,823545,345280
6497,1987659,2558636
6498,5500712,28006225
6499,2626481,10591288
6504,3259988,28620299
6507,280212,21481110
6509,3465100,22556058
6511,1703710,23884996
6512,42681,22087319
6515,10237245,28311409
6517,1334884,26995510
6518,2189609,23735021
6519,3599988,28250120
6520,6252780,23013760
6521,5905026,26885167
6522,6016690,27344671
6523,1213591,2830848
6524,6158630,18126008
6525,443245,28434357
6526,926454,9457897
6527,9402134,26645405
6528,1703924,16529451
6530,6158630,15100395
6531,3964339,25189570
6533,8675834,23728095
6534,1161435,26493366
6535,265090,25384787
6542,9452791,28677711
6543,10263666,28677679
6545,87436,28373474
6546,726536,10866521
6547,33626,5735961
6548,2015190,28677427
6549,606236,28649263
6550,1856621,20291263
6551,375,28546246
6552,79638,2840960
6555,573194,22998246
6556,7727148,26708360
6558,14097,28677098
6559,1133652,18115347
6560,40799,2719509
6561,5068410,28550133
6562,7235644,28365135
6563,6574372,28404306
6567,5386917,15923027
6571,2823476,27779283
6573,4251928,28488449
6574,87915,14991487
6575,5519816,22475245
6576,8207120,28261227
6577,7623979,28424407
6578,5392427,19965701
6580,180542,7270538
6581,79638,2840960
6583,136007,27977933
6585,10273496,28357187
6586,3390890,27741629
6587,5472995,19051665
6589,1952789,28608274
6590,1588244,21895280
6591,9452791,28677711
6593,984183,28672074
6594,1107779,28453037
6595,952007,22212183
6602,280212,21481110
6604,1620614,10218080
6606,9442012,27734000
6609,9119953,28671397
6610,153493,22025812
6611,1218561,28547499
6612,7091080,22836855
6615,1952789,28608274
6617,1447922,28677872
6619,1147484,23125090
6620,490574,28660389
6622,6110330,14942891
6623,5336190,18046167
6624,1307216,3114881
6626,6200806,26594411
6629,5905026,26885167
6631,6486742,26348700
6633,3004602,25184298
6634,87915,14991487
6636,6484805,28613203
6637,514438,28662138
6638,3039119,11112364
6639,7483224,28437213
6646,8378893,27822066
6647,10336437,28677283
6648,7143311,20006178
6650,8888709,25133708
6652,10203160,28075659
6655,1457567,27944635
6656,6287026,23363281
6657,127667,28620032
6658,5597157,28669146
6659,3890972,26382386
6662,5631503,21542754
6663,10199419,28459354
6664,4008177,28251352
6665,3259988,28620299
6666,375,28574862
6668,8950354,28068237
6669,279572,17682668
6670,1987659,2558636
6671,10125388,28586913
6672,810348,27192539
6673,841388,28209234
6674,6027071,19756033
6675,6565577,27690802
6678,134294,2361853
6681,265090,25384787
6682,271307,1340076
6685,1074877,26002717
6686,358202,28610369
6689,1335366,24612415
6691,3202,6466760
6692,10351190,28638965
6696,3640724,9384988
6697,4605543,28677491
6699,1542825,28677504
6700,280212,21481110
6701,6018469,24806370
6702,1468831,15790644
6704,1588244,21895280
6705,2428282,28521029
6707,3794984,25110710
6709,8359408,22632242
6711,7897638,27619774
6714,109109,23059575
6715,6457128,27658285
6717,9452791,28677711
6719,7116269,28677931
6723,512573,27289261
6724,7993112,27667544
6725,1036677,6966619
6727,512573,28072019
6728,87915,14991487
6732,9857723,26650739
6733,5903372,28675709
6735,597617,28677072
6736,4615644,15908247
6738,9201970,25173910
6740,94045,27802472
6741,7110160,28545508
6744,10350323,28635375
6746,10330539,28607843
6748,8381268,21296590
6749,1313960,28677622
6750,1403723,19899004
6754,5659700,23076963
6755,42920,27845098
6759,5500712,28006225
6760,7897638,27619774
6764,2837221,28112598
6765,1297496,28675501
6767,5728403,25392255
6769,7334469,28677361
6770,6009785,27187895
6771,3597550,25849140
6776,253109,1930144
6779,2696019,10987603
6780,10336437,28677283
6782,7090779,27922691
6783,2391288,28673850
6784,13564,28672247
6785,349701,26823658
6786,5975010,13433480
6787,9438863,26832375
6788,9135474,26998114
6792,9262607,28678026
6793,3579287,28677980
6794,280212,21481110
6795,5772019,28645077
6798,41809,1071734
6802,3471313,28677766
6806,1714830,28677976
6811,7267713,28422062
6812,701326,1550525
6814,74571,28070100
6815,198015,1617331
6818,9409473,27280919
6819,1297923,9436196
6820,5952569,28384550
6823,5921707,28631947
6824,195179,28292014
6825,1411723,12093443
6826,6598297,27320819
6827,482179,16832741
6828,1967266,28677997
6829,3828361,27885085
6833,9409473,25797250
6834,7992035,28671701
6835,6952185,25744696
6838,9106885,28675693
6839,9409473,25796998
6840,7366091,28070716
6841,5830534,28665709
6847,7133556,28631940
6851,661330,28493611
6854,904370,26716312
6855,5138409,28633224
6856,1215760,15382280
6858,3532307,28235730
6859,1167760,28570910
6862,141224,27823346
6864,9452791,25941039
6867,1684950,28650038
6868,5412049,21613986
6870,568298,7236335
6873,4008177,28251352
6875,398611,22402868
6878,10238797,28658682
6879,5056166,28678067
6889,280212,21481110
6890,5659700,23076963
6891,1699455,8412497
6892,3013275,23979538
6893,5292662,28677548
6896,6232704,28620312
6897,6561166,22066165
6899,311382,6623105
6901,5569910,28678105
6902,6600123,28542904
6904,9000293,27146993
6908,3259988,28620299
6909,624632,28673499
6911,66577,5152285
6912,4692848,24785737
6913,1645989,3038446
6917,6484805,28613203
6921,5102553,28535857
6923,6584350,26354680
6924,4193054,21895733
6926,1335366,24612415
6927,1200102,26661922
6930,3960243,11728942
6931,44939,20682452
6933,4779042,21256946
6938,615121,17423002
6939,4782682,25757665
6942,5921707,28631947
6944,8905372,28621174
6947,83657,7386799
6948,662084,1369985
6950,5943136,24358947
6952,682097,22696603
6957,7727148,26708360
6958,33626,28549258
6960,4316306,28676483
6961,1248972,15035998
6962,9452791,26978339
6963,1181205,28657751
6965,4685384,28657936
6966,1161435,26493366
6968,8172495,28442158
6969,750319,27211608
6972,99781,19880102
6974,3474905,25645316
6976,62708,28111766
6977,6200806,26594411
6978,280212,21481110
6981,8572917,26659024
6982,1066439,28677746
6983,5967583,28550096
6984,1468831,15790644
6985,5023718,27007136
6987,9201970,25173910
6988,7727148,26708360
6989,9828988,28678021
6990,1779595,8488437
6991,890380,26520893
6993,1434793,27663620
6994,1297496,28675501
6998,5609090,28441264
6999,1524481,28642465
7002,6478,28117924
7005,3685160,28672516
7011,506010,13913264
7013,8078764,21536118
7015,99781,19880102
7016,7387879,28354666
7017,952533,28492762
7018,8901829,25057053
7021,4444229,19473153
7022,234276,8105769
7023,2829600,7930464
7025,6529689,28280392
7026,6968123,28154502
7027,5491618,21450767
7030,1665772,28677966
7031,1161435,26493366
7034,5117472,28601664
7035,1952789,28608274
7036,10144074,27844858
7040,9636201,27946558
7042,2624357,27418269
7043,8218853,28550560
7045,10049531,27440702
7052,7127935,28018423
7053,9135474,26998114
7054,4758600,11616657
7055,280212,21481110
7056,6737270,25890220
7058,10048286,27976213
7060,9452791,25941039
7061,6159923,28613211
7064,74571,28070100
7067,965430,28505561
7070,10361104,28676704
7072,552590,28677045
7074,53785,19799491
7075,1297496,28675501
7076,373823,15718405
7077,9214507,26718008
7078,8078764,26879622
7079,7595454,28245960
7080,42681,22087319
7083,6372067,15808686
7087,10273496,28357187
7088,234276,8105769
7091,8252039,26277603
7095,5661392,20266334
7097,2224480,21175597
7099,1779595,8488437
7101,8901829,25057053
7102,2916016,28609731
7103,2015190,28677427
7104,960411,28618969
7105,689515,26731106
7106,398611,22899943
7107,1476820,28550435
7110,7218837,27563217
7111,2829600,27880728
7112,4181161,28090675
7114,6484805,28613203
7116,646253,3932498
7117,1685474,28632608
7118,8218853,28550560
7119,7354158,28412516
7126,698770,17473666
7127,1098900,12411764
7128,1330309,25877699
7130,10336437,28677283
7133,1372932,28472734
7134,506010,13913264
7135,6158630,18126008
7136,926454,9457897
7137,9375951,25658176
7139,6158630,15100395
7140,1816779,17299346
7141,10361104,28676704
7143,9452791,25940223
7147,726536,10866521
7148,1585362,21992247
7149,504299,25450119
7150,31295,13918292
7152,2256212,23682940
7154,2711945,22435859
7157,4181161,28090675
7158,280212,21481110
7159,2162179,4816474
7160,8882603,24382269
7162,841388,27951829
7163,7566337,28666898
7164,1161435,26493366
7165,2909926,12679353
7167,1098900,12411764
7168,278727,23350000
7172,5952569,28384550
7174,132412,13509108
7176,2790604,14275631
7177,4764874,16531825
7178,216148,24963888
7179,940748,2109786
7184,99704,15193430
7185,1684950,28650038
7187,950866,19853787
7190,8005290,25404197
7192,2375009,26668831
7193,367618,6756503
7196,5211568,21833183
7197,5769356,13845370
7200,6549198,28207995
7202,1341245,4416959
7207,4343808,28677839
7208,193480,27057487
7211,369807,28670957
7214,1081963,19294491
7215,779307,1728382
7216,53785,19799491
7217,8214096,22027821
7218,173661,17067597
7221,173661,14601190
7222,4992985,25157970
7223,5500712,28006225
7224,2378836,21957518
7225,9201970,25173910
7226,11417,22760055
7227,798778,28001465
7228,1685474,28632608
7229,8421271,22891701
7230,414752,16448230
7231,87436,28373474
7233,2916016,28609731
7235,280212,21481110
7236,4108654,28571212
7237,5943136,24358947
7238,10361312,28677674
7239,4175502,25392290
7240,1643346,28678120
7242,1275914,21067831
7243,8632167,28676081
7244,6895040,18620619
7245,5728403,25392255
7246,367618,6756503
7247,1297496,28675501
7249,10338450,28589085
7251,429529,7588969
7255,9452791,25941039
7257,33424,28674894
7258,3580589,26615683
7259,8841623,27854815
7261,1317792,10446275
7265,511142,26497946
7269,3599988,28250120
7271,106587,28490432
7272,773327,26258805
7273,126935,25273785
7274,1684950,28650038
7275,4196261,28640662
7278,9798612,10442886
7279,8077771,22777322
7281,69591,28582477
7286,821695,28540549
7287,4037377,28666900
7289,10273496,28357187
7291,6126661,28609472
7292,511142,26497946
7293,2401369,27650144
7296,193106,4787650
7299,613667,28677080
7300,163915,22802488
7303,5409172,28674164
7304,280212,21481110
7305,9452791,28677711
7306,675835,26923752
7307,1617038,17996456
7308,5922532,17640761
7309,743306,10317502
7311,1714486,28678075
7312,1333491,17947764
7317,3730605,28451238
7318,5606771,28014200
7319,980367,14079522
7321,134294,2361853
7323,160684,22574357
7324,160684,22626620
7325,8096032,28521289
7326,9798612,19914909
7328,9798612,10442936
7332,682097,22696603
7333,6393201,28519471
7334,2713846,19524156
7336,10161858,28652857
7338,2074134,28674787
7339,1106,2393766
7340,6957370,24016875
7341,4594970,15589258
7342,367618,5054494
7343,4343808,28677839
7349,3471313,28677766
7351,7133556,28631940
7352,9798612,10442970
7354,5010245,28655609
7355,9946341,28664499
7356,5124519,28635182
7357,1297496,28675501
7359,7912701,27019565
7360,4074018,28677636
7363,9798612,10442975
7364,10225575,28677579
7367,9798612,10442976
7371,8441896,28609998
7372,6154548,27896707
7373,9798612,10442977
7374,8197831,22011184
7381,2237012,28673695
7382,383994,27114957
7383,280212,21481110
7387,10345366,28617601
7388,1684950,28650038
7393,2287714,28678145
7394,516677,17529590
7397,6023672,16249702
7398,4196261,28640662
7401,5215004,22542759
7403,2074134,28674787
7406,3811636,19025999
7407,5655775,28560302
7408,2074134,28674787
7410,6737270,25890220
7412,8484018,26194619
7415,3904767,10608253
7416,8378888,28410918
7418,4037377,28666900
7419,6154548,27896707
7421,9485547,27938821
7423,2505852,28496881
7424,709448,28436458
7428,1125622,6439786
7432,1297496,28675501
7433,8421271,22891701
7434,856635,28656501
7435,6911419,28657371
7436,6355587,28209925
7438,9201970,25173910
7441,8197831,22011184
7442,9360129,28582002
7443,1125622,6439865
7444,54178,28678122
7445,554789,19844101
7448,10340256,28678107
7449,6069593,28336819
7450,840120,21987817
7451,53785,19799491
7452,6069593,27256517
7453,123932,21469993
7456,157695,21144145
7457,6069593,27506269
7458,624632,28673499
7461,9452791,28677711
7462,6069593,27508020
7464,1012917,24571362
7465,1449778,28676506
7466,153493,22025812
7467,6069593,27256236
7468,682819,12551129
7469,3187503,28581993
7470,271275,7812229
7471,6069593,28648040
7475,3459800,28677612
7476,280212,21481110
7477,9018,17985744
7478,10356405,28677192
7479,24036,19575934
7480,6069593,28491408
7481,5704704,28255312
7483,168476,28543105
7485,7003341,26125237
7487,6069593,28589622
7488,6325631,27979993
7489,5314189,12385273
7490,682819,12551129
7491,474794,23049318
7494,142006,23901528
7495,6069593,24333601
7496,778342,1989449
7498,1121789,25811730
7499,7191,24661448
7500,1310872,20372057
7501,5985936,28489657
7502,8421271,22891701
7505,434885,23546042
7506,6069593,27256636
7511,6069593,27506388
7514,4371011,28672554
7516,8176195,28651298
7520,1335855,18089434
7522,1524481,28642465
7526,3490660,28674349
7528,6132327,25111641
7529,53352,1963492
7531,3130093,28452544
7533,1167760,28570910
7534,3949252,28370207
7535,1714830,28677976
7536,8826164,26611092
7538,8518239,28678194
7540,887316,28574433
7543,8421271,22891701
7547,682819,12551129
7549,5456349,28591826
7550,927418,28390447
7551,1165609,28653536
7552,1265899,28671245
7553,601488,5714914
7559,10337495,28661427
7560,1684950,28650038
7561,6737270,25890220
7562,5207538,26275432
7563,6890795,26785547
7564,433997,7968180
7566,1434793,27663620
7572,6767374,28678022
7574,6298185,28646555
7575,5456349,28591826
7576,1442822,28665128
7577,6232704,28620312
7578,3331837,25837286
7579,9452791,28677711
7587,280212,21481110
7588,4153853,28678176
7589,5962998,28199681
7590,8658234,26288440
7591,9106885,28675693
7593,1297496,28675501
7594,5206088,28467768
7595,440814,25999714
7596,8347069,28171448
7597,6081541,28032980
7598,2293544,11515805
7599,7297775,24707210
7600,433997,7968428
7602,185130,25533998
7603,514438,28662138
7604,1625941,26180933
7605,4181161,28090675
7611,11417,22760055
7617,5262037,17817709
7618,1235097,20463939
7622,2401369,27650144
7623,433997,7968569
7624,10144074,27844858
7627,1471504,28676214
7628,3960243,15441866
7630,338734,21825710
7632,6584350,26354680
7634,422381,28671192
7635,10161953,28676586
7636,5136633,28656871
7638,168476,28543105
7639,7299909,28605092
7640,1181205,28657751
7642,4580292,22456318
7643,8633,505964
7644,8289,12544475
7645,8819701,28678173
7647,1297496,28675501
7650,8987245,24958959
7653,10274077,28665904
7654,8263721,28491274
7655,375,28546246
7656,790500,27720310
7659,171043,28159277
7660,8421271,22891701
7661,1643346,28678120
7664,10144074,27844858
7665,6189538,16059597
7666,5728403,25392255
7667,3964764,28625867
7668,2188638,15532080
7672,2731239,19897997
7673,10355660,28657737
7675,1265899,28671245
7676,8361299,22637619
7677,1221156,28673837
7678,6227836,23986338
7680,280212,21481110
7681,8548034,28653599
7682,2192930,27952521
7683,1301018,22275454
7684,10356405,28677192
7685,5881611,28678147
7686,69068,28548328
7687,3413206,27893582
7688,1280779,28049722
7690,101800,28677714
7692,501642,28498113
7693,3656079,27470715
7694,10161858,28652857
7695,1356088,26995510
7701,3867941,28677864
