,actor.id,repo.id,count
0,7,538746,1
1,137,28648528,12
2,375,28546246,2
3,375,28574862,1
4,1106,2393766,1
5,1377,28646975,2
6,1378,16418633,1
7,1615,1359705,1
8,1694,3224481,2
9,2242,13793762,1
10,2242,26096589,2
11,2848,5633375,1
12,3044,22942790,1
13,3044,27831948,1
14,3202,6466760,1
15,3624,23679117,1
16,4689,27899581,1
17,4829,11164718,1
18,4829,23362570,1
19,4970,12040130,1
20,6478,28117924,1
21,6753,22535845,1
22,6831,115984,1
23,6831,28616088,1
24,7191,24661448,1
25,7471,28616410,2
26,7607,13803,1
27,8289,12544475,1
28,8633,505964,1
29,9018,17985744,1
30,11377,238492,1
31,11417,22760055,2
32,12637,9399334,3
33,13122,24548800,1
34,13516,2080922,3
35,13564,28672247,2
36,13717,20634788,1
37,14097,28677098,1
38,14994,5699974,1
39,15566,10489159,1
40,15566,10611388,2
41,17292,15001035,2
42,17978,8715146,1
43,19422,28678001,1
44,19714,28478929,1
45,19875,8973396,1
46,19950,23808489,3
47,20201,197672,1
48,20201,4302743,1
49,20232,28517428,1
50,20474,17826716,1
51,21159,27745813,4
52,21826,1755571,1
53,21826,18904157,1
54,21826,20117626,1
55,21826,21285335,1
56,22108,25711125,1
57,22410,24398157,2
58,23465,23587004,1
59,23773,117358,1
60,24036,19575934,1
61,24109,28546397,1
62,24870,28598724,1
63,24908,27546224,1
64,25086,8528208,3
65,25510,7512664,1
66,25653,20606216,2
67,25653,28230641,1
68,27622,10794423,1
69,28153,18715057,1
70,28543,28673871,1
71,28673,25138762,1
72,30442,9365475,2
73,30968,9447707,1
74,31295,13918292,1
75,31769,28677217,3
76,33424,28674894,4
77,33626,5735961,1
78,33626,28549258,1
79,34314,24113646,1
80,34314,28457115,2
81,36131,28677920,1
82,36392,19508919,1
83,36719,17152891,1
84,36808,28006164,1
85,36808,28309288,1
86,37817,1210728,1
87,39936,26354093,1
88,40180,26510424,1
89,40799,2719509,3
90,41809,1071734,1
91,42681,22087319,4
92,42846,27027721,1
93,42892,16972230,1
94,42920,27845098,1
95,43589,28468140,1
96,43683,23672808,2
97,44707,26731726,5
98,44939,10467655,3
99,44939,20682452,3
100,45143,3574573,1
101,45583,26597398,2
102,45936,28667487,2
103,46323,28157780,1
104,48235,7408076,2
105,49209,21667862,1
106,49649,17179173,1
107,49754,28218494,1
108,50139,100181,1
109,50891,23131813,2
110,50891,26407499,4
111,50891,28677563,9
112,52870,8870570,2
113,52883,27815771,1
114,52883,28677604,1
115,53352,1963492,3
116,53785,19799491,6
117,54178,28678122,1
118,54422,28452652,2
119,54470,13573866,1
120,54995,11516694,1
121,55057,28672165,2
122,55977,2202183,1
123,56633,254354,1
124,56633,1323458,1
125,56633,6943969,2
126,57142,23478996,1
127,57162,25276289,2
128,58760,28610523,1
129,58937,27485887,1
130,58937,28426815,1
131,59200,13544898,5
132,59884,20170673,1
133,60228,28168527,1
134,62708,28111766,3
135,62953,5025610,1
136,65053,1447887,2
137,65952,15177709,1
138,65952,18747374,2
139,66577,5152285,9
140,67381,28644255,1
141,67641,15984451,1
142,67737,18552822,1
143,68174,25943697,1
144,69068,28548328,1
145,69591,28582477,2
146,70335,13893582,1
147,71051,24968828,3
148,71317,16833966,3
149,72053,247909,1
150,74169,28564984,1
151,74308,28140616,2
152,74345,15576121,1
153,74571,28070100,2
154,74928,6444385,1
155,76367,28517950,1
156,78642,6018009,1
157,79638,2840960,3
158,79728,25106829,1
159,83657,7386799,1
160,87436,28373474,5
161,87479,7721013,1
162,87915,14829187,1
163,87915,14991487,4
164,87996,8733622,2
165,88622,12340319,1
166,89142,27492076,1
167,94045,27802472,1
168,94045,28354602,1
169,97443,28570150,2
170,98444,28279262,1
171,98647,28676647,1
172,99704,15193430,1
173,99781,19880102,3
174,100718,19986748,1
175,101082,28254547,1
176,101480,3712825,1
177,101800,28677714,7
178,102580,28077836,1
179,102631,1223928,1
180,102631,1280180,1
181,106511,28373474,1
182,106587,28490432,1
183,108685,28673392,1
184,109109,23059575,1
185,109715,28619818,1
186,109874,28637357,1
187,111044,2847947,2
188,111138,9801943,1
189,113440,27741629,1
190,113896,21627244,2
191,114509,14279740,2
192,115089,12997400,1
193,115237,5634276,1
194,115237,21323691,1
195,115237,24764697,1
196,116447,28677867,1
197,117295,22291919,3
198,120314,13668558,1
199,120830,28635513,2
200,121935,28362304,1
201,123110,2363776,1
202,123932,21469993,1
203,126802,27038736,1
204,126935,25273785,1
205,127667,28620032,1
206,127889,28650635,1
207,129097,229738,2
208,129097,3213293,2
209,129196,10435975,4
210,131982,7653178,3
211,132412,13509108,3
212,134294,2361853,3
213,136007,27977933,2
214,141224,27823346,1
215,142006,23901528,1
216,142914,9614450,1
217,144854,28677118,1
218,146040,14058345,1
219,148927,25614169,4
220,149467,28606962,1
221,149506,19753490,1
222,150855,28048763,1
223,150887,28547116,1
224,152014,1330465,1
225,153271,27733828,4
226,153279,615096,3
227,153493,22025812,2
228,155328,378405,2
229,155953,28519068,1
230,156601,21376159,1
231,156903,24994748,1
232,157093,28173900,2
233,157520,27960100,1
234,157695,21144145,2
235,160338,27011869,1
236,160684,22574357,1
237,160684,22626620,1
238,161548,14473933,1
239,161631,22484898,4
240,161631,23717735,1
241,163915,22802488,1
242,164472,7569904,1
243,167236,3472786,2
244,167995,10838237,1
245,168476,28543105,4
246,171040,5051083,1
247,171043,28159277,1
248,171072,16994292,4
249,171319,28672670,1
250,172588,3343348,1
251,173656,2903810,1
252,173661,14601190,2
253,173661,17067597,2
254,176815,21054614,6
255,178734,28543683,4
256,179131,5440447,1
257,179734,302322,2
258,180542,7270538,1
259,182589,26690550,1
260,183147,28615195,1
261,183255,1370308,1
262,184107,27638086,4
263,185130,25533998,2
264,186612,20770460,3
265,188758,18327383,1
266,189129,27685744,2
267,189133,487849,2
268,189618,487828,1
269,189618,487836,1
270,192891,28606532,3
271,193106,4787650,2
272,193480,27057487,1
273,193937,10005030,1
274,194215,28647496,2
275,195179,28292014,1
276,198015,1617331,1
277,198507,22857626,1
278,199813,1385122,1
279,201997,16334926,1
280,204340,28676860,1
281,208054,23116127,1
282,208955,26142407,1
283,210312,16091467,2
284,210312,25281621,4
285,210848,28677532,1
286,211395,28677903,1
287,211517,28677207,1
288,212015,28537702,2
289,212015,28625840,1
290,216148,24963888,1
291,218840,27932959,1
292,220012,2735237,1
293,220183,28677927,4
294,226585,14289657,1
295,226950,28649464,1
296,227042,19073780,1
297,227303,1803961,2
298,231118,28201627,1
299,234276,8105769,3
300,234279,24012813,1
301,234489,24602136,2
302,236741,28671124,4
303,236910,28370114,1
304,240835,23158008,1
305,241176,26739042,1
306,242598,28610560,3
307,247927,25780987,1
308,249117,28010520,1
309,249285,27553648,1
310,250144,4044891,1
311,251248,28060257,1
312,251272,16081882,1
313,252278,28677803,1
314,253109,1930144,1
315,253202,20044005,1
316,253237,28677238,2
317,254896,28670488,1
318,254985,12634704,1
319,261601,24293470,2
320,265090,25384787,2
321,265886,14286367,1
322,266668,981363,1
323,271275,7812229,1
324,271307,1340076,1
325,273857,20252671,2
326,274358,22058370,3
327,277116,15558946,1
328,277474,22803845,2
329,277474,27626910,3
330,277765,24279169,1
331,278418,18600949,1
332,278727,23350000,1
333,279572,17682668,1
334,280212,21481110,79
335,284143,28364831,2
336,284414,24388156,2
337,285960,25449044,1
338,286694,21868831,1
339,287220,28608373,1
340,287491,27677770,1
341,289202,21480985,1
342,290457,28677480,1
343,293691,833839,1
344,293720,28544771,1
345,296116,28544148,4
346,296607,7907581,1
347,296607,16332631,1
348,299901,28665748,1
349,299901,28665759,3
350,301415,20724,1
351,302282,28661023,1
352,303951,28555690,2
353,305268,23370782,1
354,305455,22497156,1
355,305740,25260459,1
356,306380,28313768,1
357,310709,10020253,1
358,310709,10727057,1
359,310709,28556360,1
360,311382,6623105,1
361,312301,26051556,2
362,315097,5924985,1
363,316014,28660671,1
364,317994,23675643,1
365,319465,28677683,1
366,323199,16266082,1
367,324887,13851456,1
368,325476,2945543,1
369,330036,1226561,1
370,332496,22036106,1
371,332496,23243664,1
372,334176,6056031,1
373,334176,6207723,2
374,335406,16051158,1
375,338734,21825710,1
376,339422,27899581,1
377,339433,28460593,1
378,341094,28675713,1
379,342554,28551492,1
380,343265,28533774,2
381,344777,6285991,1
382,344861,28654334,1
383,348094,28552156,1
384,349701,26823658,1
385,351146,26296140,1
386,353209,23720414,2
387,358202,28610369,4
388,360595,19625428,1
389,362745,5299477,1
390,363764,9584741,1
391,365243,862712,2
392,367618,747311,1
393,367618,756568,2
394,367618,756841,1
395,367618,779156,1
396,367618,860274,2
397,367618,2387049,1
398,367618,2387146,1
399,367618,5054494,2
400,367618,6485371,1
401,367618,6756500,1
402,367618,6756503,2
403,367618,8694598,1
404,367618,10038467,3
405,367618,10039899,2
406,367618,10040198,7
407,367618,11672686,1
408,367618,11673915,2
409,367618,14148013,1
410,367618,16819408,1
411,367618,23811389,1
412,367618,26532168,1
413,368057,2541322,2
414,369807,28670957,2
415,370239,23048534,1
416,370793,3652623,2
417,372027,27989628,1
418,372245,2941890,1
419,373823,15718405,4
420,376661,23188313,1
421,377691,28382883,1
422,378310,27511719,11
423,379151,4237868,1
424,380744,13360824,1
425,383994,27114957,1
426,388637,28657642,2
427,389491,27690718,1
428,391350,26162869,2
429,392344,26349489,1
430,398611,22402868,1
431,398611,22899943,1
432,405446,3540121,1
433,405446,3542444,1
434,405446,3744109,1
435,406631,26146564,5
436,406832,7672454,1
437,406946,26583093,1
438,412807,28513164,1
439,413544,2465723,2
440,414409,27947092,2
441,414752,16448230,1
442,416575,10672637,1
443,416977,28387948,3
444,419884,2126244,3
445,420995,3752513,2
446,422057,24695098,1
447,422217,6842649,1
448,422381,28671192,1
449,428886,28635402,5
450,429529,7588969,8
451,429706,28254077,6
452,430267,27176472,2
453,430345,9585555,1
454,433707,26847075,12
455,433997,7968180,1
456,433997,7968428,1
457,433997,7968569,1
458,434239,28012363,3
459,434885,23546042,2
460,436273,25449161,1
461,440405,18267935,2
462,440814,25999714,2
463,443245,28434357,1
464,444263,8067787,1
465,445867,28676936,2
466,446833,13186315,4
467,447540,27547938,1
468,447792,15714889,3
469,451360,28320255,1
470,453622,28548728,1
471,457965,1369553,1
472,458272,28367645,1
473,458548,2855437,1
474,458892,22987680,2
475,459007,28676762,1
476,460371,24247872,1
477,466764,1514290,1
478,466764,18694368,1
479,469257,28674828,1
480,471685,27456612,1
481,471685,28319466,1
482,474794,23049318,1
483,475255,28580397,1
484,476440,28647308,3
485,480938,1241677,1
486,480938,7426399,1
487,480938,10416648,1
488,482179,16832741,1
489,484068,5188983,1
490,484075,9736099,2
491,484370,22366514,1
492,484936,26626725,1
493,485776,4708471,1
494,486017,1099265,2
495,486644,24382788,1
496,490574,28660389,1
497,491171,28203975,1
498,493276,17536276,2
499,495647,22736886,1
500,501082,28460492,1
501,501082,28647685,1
502,501642,28498113,1
503,504299,25450119,1
504,505681,20871075,1
505,505681,25221839,1
506,506010,13913264,3
507,510877,25138592,1
508,510877,28573657,3
509,510877,28595187,2
510,511142,26497946,2
511,511268,6547443,1
512,512386,25924523,7
513,512439,2990192,1
514,512573,27289261,1
515,512573,28072019,1
516,514438,28662138,4
517,514438,28677962,1
518,515947,3483205,1
519,516677,17529590,1
520,517210,14739084,1
521,518231,14871077,1
522,518233,25307615,1
523,519433,28448365,1
524,525838,9693534,1
525,529580,28654233,1
526,534911,26758092,3
527,534911,26758410,1
528,534911,28677736,1
529,537127,21009348,3
530,539575,21544147,1
531,541725,1204412,2
532,541725,1969632,1
533,543483,28558018,1
534,544667,23431546,3
535,547450,22712276,1
536,549519,28677160,1
537,550006,19060965,1
538,550895,15857755,1
539,551491,13174854,1
540,552590,28677045,1
541,553936,28508978,1
542,554789,19844101,1
543,556505,15572464,3
544,559039,28251352,1
545,566958,5712116,1
546,567506,3893791,1
547,568036,28676548,1
548,568298,7236335,1
549,569071,28666884,2
550,572844,28672105,2
551,573194,22998246,1
552,574123,28670264,3
553,577668,12711013,1
554,577668,26452768,2
555,578549,28467587,1
556,579357,20005405,1
557,580225,28580409,2
558,582878,28360533,2
559,583593,5438867,1
560,584009,27093512,7
561,591886,16285002,1
562,592109,21929384,1
563,592109,21930526,3
564,594059,19122406,3
565,597089,28649126,2
566,597300,28368906,2
567,597617,28677072,1
568,597897,27191539,1
569,599638,8367594,1
570,601488,5714914,1
571,602423,27200127,1
572,602423,28677884,1
573,604177,19328708,1
574,606236,28649263,1
575,613568,2138392,1
576,613568,12983585,2
577,613667,28677080,1
578,613736,28655268,1
579,614573,26839356,1
580,615121,17423002,3
581,615990,24467642,3
582,617057,18209555,1
583,621389,28677594,1
584,621477,17852869,1
585,622120,27102916,2
586,623282,28676296,1
587,624632,28673499,2
588,628429,28580097,1
589,641261,22704261,3
590,646253,3932498,2
591,650357,26338428,1
592,653722,17764313,2
593,654934,20811526,1
594,655838,28662798,1
595,657389,6309879,1
596,661330,28493611,1
597,662084,1369985,1
598,666646,1284106,1
599,671018,19783776,1
600,671977,12979789,2
601,675835,26923752,1
602,677436,27654303,1
603,677436,28020316,1
604,680525,27356124,2
605,682097,22696603,2
606,682819,12551129,3
607,683439,27947708,1
608,684117,28468923,3
609,685076,19688633,3
610,685076,28675057,1
611,688110,28447564,1
612,688464,28613718,1
613,689515,26731106,1
614,691989,222298,1
615,692265,28276886,1
616,697548,28186451,1
617,697964,28109544,1
618,698770,17473666,1
619,701326,1550525,2
620,705947,28653186,1
621,709247,28201380,2
622,709448,28436458,1
623,710117,3671342,1
624,711295,27416733,1
625,713424,25185119,2
626,718710,28215391,1
627,718899,26720297,1
628,720122,28677494,1
629,720376,18271108,1
630,720514,28412275,1
631,723113,27550173,1
632,725148,28677804,1
633,725613,26850114,1
634,726536,10866521,2
635,732173,27141908,1
636,732415,28677650,1
637,734339,14312560,1
638,735008,28620211,2
639,737657,28675900,1
640,738363,28676583,1
641,740407,24580216,1
642,743306,10317502,1
643,744293,23890761,1
644,746282,28677261,1
645,746500,28677737,1
646,748069,5384390,1
647,750319,27211608,1
648,753424,7447534,1
649,753460,28569531,1
650,762456,28677988,1
651,763917,15951934,1
652,768321,28425663,1
653,770578,15748552,1
654,771345,19842476,2
655,773327,26258805,1
656,775431,18839749,2
657,775727,21528910,1
658,778342,1989449,1
659,779307,1728382,2
660,779307,28610133,1
661,781073,28519238,1
662,785941,26393682,1
663,790500,27720310,1
664,793308,21921396,1
665,798778,28001465,1
666,803768,24404721,1
667,807483,25890468,1
668,809314,10958379,1
669,810348,27192539,1
670,810348,28670845,5
671,814322,28368826,1
672,814471,17971324,2
673,814772,3925157,1
674,814772,3925242,2
675,819213,28571384,2
676,821695,28540549,1
677,823545,345280,1
678,827324,28605427,4
679,831867,4198124,1
680,831867,7512484,1
681,833072,28677525,1
682,833377,26193401,2
683,833997,8869463,1
684,840120,21987817,3
685,841388,27951829,1
686,841388,28209234,2
687,842721,28674076,2
688,854429,28648808,2
689,855478,5629592,1
690,855478,18457766,1
691,856635,28656501,1
692,864992,28645091,1
693,867447,28675054,1
694,877530,24076640,2
695,877616,27910085,1
696,877616,28677779,1
697,880411,22005660,3
698,884093,28574340,1
699,885356,19718418,1
700,887316,28574433,1
701,887316,28653200,1
702,888940,10126031,1
703,889215,28420979,1
704,889804,27141302,1
705,890380,26520893,1
706,896423,13655949,1
707,896423,20345659,1
708,896423,22484898,1
709,896423,23717735,2
710,896423,23808061,1
711,899410,26391646,1
712,900739,20035058,1
713,900775,28606142,1
714,900775,28609910,1
715,900934,28456309,1
716,901816,28554957,2
717,903479,790019,1
718,904370,26716312,1
719,915424,25383178,1
720,916259,17069604,3
721,916259,28677895,1
722,918857,14849761,1
723,920217,28328967,3
724,922012,21596685,1
725,922196,28677638,3
726,922837,17136520,1
727,926354,22842736,1
728,926454,8733526,1
729,926454,9457897,7
730,927418,28390447,2
731,931421,13794677,1
732,931928,2918806,1
733,932918,8057761,1
734,932918,8058419,1
735,932918,8063255,2
736,932918,23305313,2
737,935297,28533537,1
738,939254,6039411,1
739,939501,26890779,2
740,940272,22535174,1
741,940465,28652876,3
742,940748,2109786,1
743,940916,24911421,1
744,941526,2123336,1
745,941526,2123340,1
746,941829,14258404,1
747,943342,28422819,1
748,944319,28674177,4
749,945228,28215910,1
750,945283,19086266,1
751,945446,14090992,1
752,945577,19940883,1
753,946641,28464320,1
754,947143,27692744,1
755,947888,17730345,1
756,949494,28677936,1
757,950127,2968000,1
758,950127,3557653,1
759,950127,28677451,1
760,950866,19853787,1
761,952007,22212183,1
762,952321,15486567,1
763,952340,27697181,1
764,952533,28492762,6
765,954353,28677704,1
766,956386,28645692,1
767,959622,4693675,1
768,960411,28618969,1
769,961966,28676190,3
770,963093,14895592,1
771,964048,22803845,1
772,965430,28292130,2
773,965430,28505561,1
774,965580,28421758,1
775,971991,28677511,1
776,972314,27125072,1
777,976922,9749290,1
778,978899,13666531,1
779,980367,14079522,1
780,984183,28672074,3
781,984870,28419735,1
782,986543,28555893,1
783,986997,13102076,1
784,987656,25607801,1
785,993322,3431193,1
786,994093,5575106,2
787,1012467,20632410,1
788,1012917,24571362,1
789,1013655,4822601,1
790,1014189,15119415,1
791,1016379,28202866,2
792,1016379,28203701,2
793,1017605,28666633,3
794,1018160,28677880,1
795,1022081,22520527,1
796,1026013,14058646,1
797,1026154,28368289,2
798,1030442,28674974,2
799,1030961,12899667,1
800,1032160,26477497,2
801,1033976,28677648,1
802,1036677,6966619,1
803,1045095,20319753,2
804,1054674,18275311,1
805,1056314,28579677,1
806,1059947,20835178,2
807,1060921,9512747,1
808,1060921,28664614,4
809,1066439,28677746,1
810,1071302,26454971,5
811,1074877,25893970,2
812,1074877,26002717,2
813,1075619,28029674,4
814,1075736,25503840,1
815,1081963,19294491,1
816,1093207,3662553,1
817,1097481,22718672,2
818,1098900,12411764,2
819,1100381,23557502,1
820,1106706,11134801,1
821,1107779,28453037,1
822,1115865,28657383,1
823,1121789,25811730,4
824,1125622,6439786,4
825,1125622,6439865,4
826,1126864,26729159,1
827,1128659,3186197,2
828,1129144,3253872,1
829,1129144,3295344,1
830,1129144,3295353,1
831,1129144,5383214,1
832,1129910,21798503,1
833,1130264,21853529,1
834,1133652,18115347,4
835,1134186,26226493,1
836,1136739,25250498,2
837,1138820,28065647,1
838,1138857,28677642,1
839,1143966,1380117,2
840,1144306,14734876,4
841,1144306,23505879,1
842,1147484,23125090,1
843,1148549,4542716,2
844,1158804,19916900,1
845,1161435,26493366,8
846,1161671,28671165,2
847,1162160,23025348,2
848,1163757,18411746,1
849,1165609,28653536,1
850,1165609,28654260,1
851,1166237,27676237,1
852,1167760,28570910,2
853,1170565,28562428,1
854,1170565,28644664,3
855,1170909,2293158,1
856,1174658,25334511,1
857,1175058,28676299,1
858,1176337,27021189,2
859,1176744,21183471,1
860,1181205,28657751,18
861,1182407,14879832,1
862,1192362,28677556,1
863,1192813,2833260,1
864,1192813,25742340,1
865,1198183,10257627,2
866,1200102,26661922,1
867,1201934,27409568,1
868,1205126,24071128,1
869,1205228,6410069,1
870,1210751,22939226,2
871,1211980,22677695,1
872,1213591,2830848,1
873,1215760,15382280,1
874,1217675,26648139,3
875,1218561,28547499,4
876,1219467,28677762,1
877,1220710,28531105,1
878,1220886,27188826,2
879,1220927,3286219,1
880,1221092,8122790,1
881,1221156,28673837,3
882,1221423,9603429,2
883,1225898,26503318,1
884,1225898,27291887,1
885,1226339,6568555,1
886,1227992,7396761,2
887,1235097,20463939,1
888,1235441,11671912,3
889,1237191,18020014,1
890,1237357,28254325,1
891,1239679,21390245,3
892,1243435,21989579,1
893,1243537,28519555,1
894,1244159,28677568,2
895,1245473,28495174,1
896,1246453,3814316,1
897,1248972,15035998,1
898,1249030,25339446,1
899,1249764,7464079,1
900,1255375,3414627,1
901,1255675,28675554,1
902,1256464,15032738,2
903,1257913,27216319,1
904,1261331,16473585,1
905,1261574,22235943,2
906,1264398,26037350,1
907,1265899,28671245,2
908,1266210,28314241,1
909,1269896,27288264,1
910,1270790,28667818,1
911,1275021,3016562,3
912,1275914,21067831,1
913,1276678,13319158,1
914,1279060,26846490,1
915,1280497,28677313,1
916,1280779,28049722,1
917,1284993,28640290,3
918,1285287,28648883,1
919,1286529,26849135,1
920,1286742,19049758,1
921,1290832,4924151,2
922,1291511,28548276,1
923,1297496,28675501,8
924,1297923,9436196,1
925,1298833,26045164,1
926,1301018,22275454,1
927,1305774,12798028,2
928,1307216,3114881,1
929,1307829,24916708,2
930,1310570,11317725,1
931,1310872,9332135,1
932,1310872,20372057,2
933,1312081,16061165,2
934,1313183,3130735,1
935,1313960,28677622,1
936,1314371,28217706,1
937,1317792,10446270,1
938,1317792,10446275,2
939,1317792,15526570,3
940,1319333,28530868,2
941,1319679,18201810,2
942,1322515,28677702,2
943,1323536,28674338,1
944,1326811,28334170,2
945,1326811,28554078,1
946,1330309,25877699,2
947,1332500,3597853,1
948,1333491,17947764,1
949,1334122,15902335,1
950,1334295,17710592,1
951,1334853,7517166,1
952,1334884,26995510,5
953,1335366,24612415,2
954,1335855,18089434,1
955,1337867,28447424,1
956,1341245,688366,2
957,1341245,4416959,1
958,1341245,9759448,1
959,1341245,17165658,4
960,1345314,21612734,1
961,1349353,28649581,1
962,1356088,26995510,3
963,1364019,23524503,1
964,1370064,28678024,2
965,1371300,27575221,2
966,1372932,28472734,1
967,1373703,20268125,3
968,1376714,28677219,3
969,1384435,25830877,1
970,1384435,25830900,1
971,1386314,3287301,1
972,1396878,10653604,1
973,1398544,28595466,2
974,1399332,28022004,1
975,1400864,6437150,1
976,1400864,6451846,1
977,1400864,9238689,1
978,1400864,15477991,2
979,1403723,19899004,1
980,1408578,27899381,1
981,1411723,12093443,1
982,1423378,26040848,1
983,1423378,26056009,1
984,1423378,26863548,1
985,1424573,26875223,1
986,1431805,28504409,1
987,1432111,28677735,1
988,1434793,27663620,2
989,1436383,28674120,1
990,1436727,20540592,1
991,1439776,6055237,1
992,1442822,28665128,1
993,1447922,28677872,4
994,1449778,28676506,2
995,1450515,24016636,1
996,1457425,27384581,1
997,1457540,25627951,1
998,1457540,28531556,1
999,1457567,27944635,2
1000,1459612,28335773,1
1001,1465568,28003253,1
1002,1467890,8766817,1
1003,1468831,15790644,8
1004,1471504,28676214,1
1005,1472352,24989901,2
1006,1476820,28550435,2
1007,1477455,28463415,2
1008,1484485,23394077,1
1009,1484886,19415093,1
1010,1495846,8255002,1
1011,1500290,26823843,1
1012,1500580,24103115,1
1013,1503976,10961863,1
1014,1505137,27265481,2
1015,1505706,28672207,1
1016,1508735,28677613,1
1017,1511745,27637169,2
1018,1513475,28603059,1
1019,1514700,23509495,1
1020,1517008,11549335,1
1021,1517226,19353657,2
1022,1518183,27064729,1
1023,1524481,28642465,2
1024,1524496,447184,1
1025,1530016,5954894,5
1026,1530418,27727002,1
1027,1536935,21908402,1
1028,1542825,28677504,2
1029,1550763,21642960,3
1030,1550925,28653103,1
1031,1551369,28553113,1
1032,1553632,17371412,1
1033,1554150,3768025,2
1034,1558033,9203569,1
1035,1558033,23894134,2
1036,1565825,4033349,1
1037,1569237,24790836,1
1038,1571048,28033620,1
1039,1572011,24309280,1
1040,1572895,28677909,2
1041,1574519,22088187,2
1042,1576857,28493821,1
1043,1577382,28010340,2
1044,1583730,7885934,1
1045,1585025,28598602,3
1046,1585362,21992247,4
1047,1588244,21895280,2
1048,1589480,14002592,1
1049,1593287,10490362,1
1050,1597820,21388511,1
1051,1608521,28677709,1
1052,1608583,26138135,3
1053,1611120,28677588,1
1054,1613474,23581282,1
1055,1616101,28677796,3
1056,1616639,22839509,1
1057,1617038,17996456,1
1058,1619869,16129958,5
1059,1620614,10218080,1
1060,1623882,28573895,1
1061,1625941,26180933,1
1062,1626426,14915760,1
1063,1631077,28573050,2
1064,1632746,14234456,1
1065,1643346,28678120,2
1066,1645989,3038446,1
1067,1646057,17730514,1
1068,1648240,15036238,1
1069,1652699,28289664,2
1070,1653275,28492157,1
1071,1653619,20941068,2
1072,1658058,18929235,1
1073,1658412,4307256,1
1074,1661812,28677540,2
1075,1665772,28677966,1
1076,1671640,24967358,1
1077,1672874,14427510,1
1078,1676522,4135420,1
1079,1680823,23717735,2
1080,1680823,28604834,1
1081,1684950,28650038,20
1082,1685474,28632608,2
1083,1686451,24793015,1
1084,1690225,28678041,1
1085,1692862,28643519,2
1086,1693164,25284691,1
1087,1699192,28101516,1
1088,1699455,8412497,1
1089,1703710,23884996,1
1090,1703924,16529451,1
1091,1710847,28495624,1
1092,1714486,28678075,1
1093,1714830,28677976,2
1094,1725397,28674489,1
1095,1728807,19712775,1
1096,1734057,23079554,1
1097,1734660,28676236,1
1098,1734986,28677758,3
1099,1736496,10670501,1
1100,1743252,28456975,1
1101,1743446,16036505,1
1102,1745420,28675638,1
1103,1749930,28677582,3
1104,1750837,23478795,2
1105,1750941,28465891,1
1106,1760003,28611719,1
1107,1760797,23223865,1
1108,1765983,27712061,2
1109,1769841,27930623,1
1110,1779473,24962727,1
1111,1779595,8488437,5
1112,1781130,26760598,1
1113,1782831,28302097,1
1114,1786821,28671919,1
1115,1787100,28083399,2
1116,1797056,28677431,1
1117,1799239,11879934,2
1118,1802542,4967600,2
1119,1803556,28643777,1
1120,1806869,27736686,1
1121,1807191,16554941,1
1122,1810949,16722721,1
1123,1811701,17907002,1
1124,1816779,17299346,1
1125,1831111,13662106,1
1126,1848287,5363116,1
1127,1852283,26372861,1
1128,1853260,26879814,1
1129,1856621,20291263,6
1130,1865016,11549335,1
1131,1865016,17906147,2
1132,1868186,15943682,1
1133,1872498,10594039,1
1134,1888089,8883259,2
1135,1888089,15034137,2
1136,1889828,28603757,1
1137,1895281,28645832,1
1138,1906512,28660708,2
1139,1908631,26097685,1
1140,1908830,9974276,2
1141,1912217,28662515,2
1142,1916193,28464039,1
1143,1922921,28676656,1
1144,1923870,20016880,2
1145,1924134,15032076,1
1146,1924215,12840543,1
1147,1924215,13015955,1
1148,1934809,28009724,1
1149,1935069,26125855,1
1150,1944053,10033802,1
1151,1946173,24353303,4
1152,1952789,28608274,3
1153,1967266,28677997,2
1154,1967302,23775072,1
1155,1971604,28673915,1
1156,1981539,28192167,5
1157,1987659,2558636,2
1158,1987779,5089162,1
1159,1991633,28008578,1
1160,1993227,1331548,1
1161,2001330,23362993,1
1162,2001342,28639871,1
1163,2006807,25400725,1
1164,2010424,28656590,1
1165,2011002,28677459,1
1166,2015190,28677427,8
1167,2021709,28260983,1
1168,2031163,28650641,1
1169,2031812,20266504,1
1170,2033581,6031942,4
1171,2033581,6058123,4
1172,2033581,6058151,4
1173,2033581,6058234,30
1174,2041564,7360528,1
1175,2049650,19821157,4
1176,2062827,28523417,1
1177,2066790,4158448,1
1178,2069201,16607266,1
1179,2074134,28674787,3
1180,2075310,28022077,1
1181,2091439,19386378,2
1182,2094217,8930485,1
1183,2101211,13431919,1
1184,2101973,24664906,2
1185,2112033,28676854,6
1186,2131591,25274128,1
1187,2145676,22741510,1
1188,2145676,23230130,2
1189,2159316,28284009,2
1190,2160337,28603543,1
1191,2162179,4816474,2
1192,2166111,16525002,1
1193,2175324,26499136,1
1194,2180540,10415898,2
1195,2188479,28273107,4
1196,2188638,15532080,1
1197,2189609,23735021,2
1198,2192439,24877450,1
1199,2192930,27952521,1
1200,2193434,28471970,1
1201,2209144,28676842,4
1202,2224480,21175597,1
1203,2224787,27916112,1
1204,2226031,21263487,1
1205,2237012,28673695,1
1206,2256212,23682940,1
1207,2259834,28575703,1
1208,2267126,7297634,1
1209,2278582,28391980,1
1210,2284720,26514050,1
1211,2285387,10592993,1
1212,2286826,28363453,1
1213,2287209,10021385,1
1214,2287714,28678145,1
1215,2293544,11515805,1
1216,2310588,28673876,2
1217,2311760,23572310,1
1218,2318343,17101123,1
1219,2319207,28650485,1
1220,2321183,24237263,1
1221,2327556,28650841,1
1222,2347227,15656147,1
1223,2354218,27664020,1
1224,2359092,28639200,5
1225,2373357,28677510,3
1226,2375009,26668831,1
1227,2376591,27364941,1
1228,2378836,21957518,1
1229,2391288,28673850,1
1230,2401369,27650144,2
1231,2428282,28521029,2
1232,2429104,25836225,1
1233,2434110,17617697,1
1234,2438869,20086003,5
1235,2448227,28675293,1
1236,2453862,28160579,1
1237,2455515,27744948,1
1238,2461323,28615868,1
1239,2463785,24712923,1
1240,2465791,28636657,1
1241,2475251,28579201,1
1242,2480948,7827081,1
1243,2482253,6665452,1
1244,2482253,22826684,1
1245,2482253,22857121,1
1246,2483249,28644168,1
1247,2487846,26031830,3
1248,2488333,20387866,2
1249,2489906,23551479,1
1250,2501598,17234057,2
1251,2505852,28496881,3
1252,2506703,18478437,1
1253,2507877,28488854,1
1254,2525683,28153948,1
1255,2539292,6495082,5
1256,2539292,6495465,1
1257,2539292,6495698,1
1258,2539292,6495874,1
1259,2539292,11099534,2
1260,2547757,28677565,1
1261,2552068,18266208,1
1262,2553386,25789351,1
1263,2559195,28531445,1
1264,2565176,28610415,1
1265,2566314,28676149,2
1266,2580575,28674794,1
1267,2590908,28646094,1
1268,2615272,26657616,3
1269,2624357,27418269,3
1270,2624386,28677380,1
1271,2626059,26039047,1
1272,2626481,10591288,1
1273,2626481,24117662,1
1274,2637020,28677946,4
1275,2637399,23029657,1
1276,2646487,28609230,1
1277,2651446,20405743,1
1278,2657901,14546116,1
1279,2666691,15666435,1
1280,2672306,27217005,1
1281,2676867,3633660,1
1282,2677430,26987949,1
1283,2678007,28673700,2
1284,2681312,6453341,1
1285,2695982,28612055,1
1286,2696019,10987603,1
1287,2698813,17672250,1
1288,2710323,17152267,1
1289,2711945,22435859,2
1290,2713846,19524156,2
1291,2713846,19545865,1
1292,2718133,27953405,1
1293,2720896,21898975,3
1294,2725611,11802466,1
1295,2725611,12306307,1
1296,2725611,12741028,2
1297,2725611,14629304,1
1298,2725611,15713116,1
1299,2725611,16350266,1
1300,2725611,17056902,1
1301,2731239,19897997,2
1302,2738701,25488846,1
1303,2739530,23980261,1
1304,2752994,27881011,1
1305,2760391,8588051,1
1306,2762492,27456039,1
1307,2779282,24451324,3
1308,2784192,11155663,1
1309,2788932,27788548,1
1310,2788934,27733909,1
1311,2790604,12435095,1
1312,2790604,14275631,2
1313,2793688,10349104,1
1314,2797747,28634424,1
1315,2809946,28375589,1
1316,2819398,28653566,4
1317,2823476,27779283,1
1318,2825606,28059809,1
1319,2829600,7930464,3
1320,2829600,27880728,2
1321,2830379,25601688,1
1322,2837221,28112598,1
1323,2867549,28481110,1
1324,2868935,28571158,1
1325,2868935,28642034,1
1326,2874368,28406300,2
1327,2874694,3918508,1
1328,2875833,21995378,3
1329,2875946,13516504,1
1330,2880929,28671714,1
1331,2883270,18592954,1
1332,2909926,12679353,1
1333,2916016,28609731,4
1334,2916945,8710498,1
1335,2922097,28469652,1
1336,2922097,28470789,1
1337,2925915,28677535,2
1338,2935303,28625031,1
1339,2936543,28530546,1
1340,2937573,28642721,1
1341,2955890,27322641,1
1342,2956172,28043560,1
1343,2956634,16018083,1
1344,2961036,22234733,9
1345,2963558,24800334,1
1346,2983685,7228380,3
1347,2987505,28677664,1
1348,2992358,25042005,1
1349,3003634,23549889,2
1350,3004602,25184298,1
1351,3004839,28676004,1
1352,3008744,23500192,2
1353,3013175,27949680,1
1354,3013275,23979538,1
1355,3024032,27590609,1
1356,3039119,11112364,1
1357,3067317,28002536,1
1358,3073864,7948981,1
1359,3084087,28677835,2
1360,3091808,28677785,1
1361,3094277,16188576,2
1362,3103577,28633342,2
1363,3112493,28258658,1
1364,3119506,28203862,1
1365,3123221,28664750,3
1366,3124431,15237233,1
1367,3124443,28650418,4
1368,3128407,25450714,1
1369,3130093,28452544,1
1370,3134745,28277457,2
1371,3143487,14438995,1
1372,3144970,23141542,1
1373,3152062,21964910,1
1374,3157196,28315501,1
1375,3160169,23280929,1
1376,3171473,22584262,1
1377,3173496,28674650,2
1378,3174763,16572329,2
1379,3180534,20567458,2
1380,3187503,28581993,1
1381,3187689,25584875,1
1382,3188588,27524578,1
1383,3190888,28322495,1
1384,3197761,18039094,1
1385,3216657,28576167,1
1386,3241245,28258232,1
1387,3253730,23990498,1
1388,3259988,28620299,8
1389,3269485,25484806,1
1390,3270119,28667121,1
1391,3289214,28641135,1
1392,3289698,28678046,1
1393,3290873,17717497,2
1394,3299558,24589839,2
1395,3301915,13352640,1
1396,3310280,25415167,1
1397,3316756,21396295,5
1398,3323703,28168069,1
1399,3331837,25837286,3
1400,3332580,19750688,1
1401,3333139,26908976,1
1402,3344856,9285950,1
1403,3346926,24432107,1
1404,3357284,28539450,2
1405,3359009,28648343,1
1406,3375973,27017271,1
1407,3376600,28653140,1
1408,3386273,18156369,2
1409,3388704,28109544,2
1410,3390890,27741629,1
1411,3413206,27893582,1
1412,3425571,27466442,1
1413,3432917,21943980,1
1414,3433835,28482774,2
1415,3459800,28677612,4
1416,3465100,22556058,1
1417,3465892,28643264,1
1418,3467784,27254593,3
1419,3471313,28677766,3
1420,3474905,25645316,1
1421,3475751,28116086,1
1422,3487531,28677679,1
1423,3489773,15461243,4
1424,3490660,28674349,1
1425,3493763,28478834,3
1426,3495129,24147122,4
1427,3498059,28542559,1
1428,3503781,27314239,4
1429,3504981,26091732,1
1430,3511432,13817352,1
1431,3519911,28639950,1
1432,3521597,28020580,1
1433,3532307,28235730,3
1434,3578461,24312909,1
1435,3579287,28677980,1
1436,3580589,10534723,1
1437,3580589,26615683,1
1438,3596952,8208289,1
1439,3597550,25849140,1
1440,3599988,28250120,2
1441,3602800,25692409,1
1442,3621988,27951593,2
1443,3627377,27103377,1
1444,3631807,28677452,2
1445,3640724,9384988,1
1446,3650485,3510804,1
1447,3650755,11771697,1
1448,3653809,28677388,1
1449,3656079,27470715,1
1450,3664587,28612080,1
1451,3675092,28643047,1
1452,3677334,27236732,1
1453,3685160,28672516,1
1454,3692062,28464657,1
1455,3698644,28668433,1
1456,3698908,26456499,1
1457,3699256,8421109,1
1458,3699256,25527315,1
1459,3699494,26512969,1
1460,3701374,18069451,2
1461,3710230,28060045,1
1462,3720783,20527117,3
1463,3721430,23848067,1
1464,3729290,28676110,2
1465,3730605,28451238,3
1466,3733972,28585822,1
1467,3739254,27106216,1
1468,3750649,28534956,1
1469,3752144,19892380,1
1470,3758576,27146749,1
1471,3758824,28547673,1
1472,3759320,13499745,2
1473,3770344,25440481,1
1474,3777877,28416782,4
1475,3780774,24546982,1
1476,3793664,19352450,1
1477,3794984,25110710,2
1478,3803209,28675537,1
1479,3804282,28535863,1
1480,3811636,19025999,2
1481,3811636,19833367,1
1482,3820621,28578059,1
1483,3823149,19108230,3
1484,3828361,27885085,1
1485,3858935,28573105,1
1486,3867941,28677864,1
1487,3884744,28249752,1
1488,3887896,28667688,1
1489,3890972,26382386,6
1490,3904767,10608253,1
1491,3913977,28673893,1
1492,3931155,11877982,2
1493,3939417,12428376,1
1494,3949252,28370207,7
1495,3960243,11728942,1
1496,3960243,11877133,1
1497,3960243,14201058,1
1498,3960243,15177111,1
1499,3960243,15441866,1
1500,3960243,27287395,1
1501,3960243,27287679,1
1502,3960243,27769288,2
1503,3960738,22925974,1
1504,3964339,25189570,1
1505,3964764,28625867,1
1506,3965903,28076477,1
1507,3965903,28571587,1
1508,3973466,22603212,1
1509,3991313,28356459,1
1510,3991445,26567815,1
1511,3996823,28677653,1
1512,4000880,22237229,1
1513,4008177,28251352,3
1514,4019937,28540757,1
1515,4036492,11436474,2
1516,4037377,28666900,2
1517,4054233,24212713,1
1518,4055382,27514241,2
1519,4058771,28677596,1
1520,4062890,17313482,1
1521,4063576,28413548,1
1522,4064618,27842993,1
1523,4070158,20469468,1
1524,4074018,28677636,1
1525,4077106,23571144,1
1526,4077106,26393800,1
1527,4078062,22573863,1
1528,4080058,28602442,1
1529,4081361,28654922,1
1530,4083697,20542797,1
1531,4088016,12146969,3
1532,4102215,9317463,1
1533,4108654,28571137,1
1534,4108654,28571212,3
1535,4118674,28519640,1
1536,4119931,16116287,1
1537,4130215,18532367,1
1538,4139576,24252921,2
1539,4140656,28014718,1
1540,4148384,27948576,1
1541,4148545,26287211,1
1542,4153853,28678176,1
1543,4161517,15519902,1
1544,4162343,8144625,1
1545,4175278,23034563,1
1546,4175502,25392290,1
1547,4178251,27423766,1
1548,4181161,28090675,5
1549,4186413,26406021,3
1550,4188511,25400011,2
1551,4193054,21895733,1
1552,4193711,28677644,2
1553,4196261,28640662,9
1554,4229405,27282606,1
1555,4231743,22773766,2
1556,4249557,11967309,1
1557,4251928,28488449,1
1558,4254876,18139110,1
1559,4262197,21085682,1
1560,4269377,28677575,1
1561,4284104,28613776,1
1562,4296161,25269682,1
1563,4297022,28675268,1
1564,4316306,28676483,2
1565,4317587,22069872,1
1566,4326912,28674603,1
1567,4335742,26815515,1
1568,4343808,28676431,1
1569,4343808,28677839,3
1570,4367771,28435190,3
1571,4368270,28275735,1
1572,4368690,28468274,1
1573,4371011,28672554,2
1574,4380972,27618890,3
1575,4381102,28677677,1
1576,4406333,23116127,1
1577,4411839,28676937,1
1578,4421720,27840098,1
1579,4428419,26485421,1
1580,4443263,28677492,4
1581,4444229,19473153,1
1582,4444926,10095561,1
1583,4447136,10314483,1
1584,4452260,18956585,1
1585,4464082,28473168,1
1586,4521848,28634384,1
1587,4528105,21710732,1
1588,4529377,28677700,2
1589,4530271,26665321,1
1590,4535554,28209294,1
1591,4540331,18603823,2
1592,4551878,10491111,1
1593,4552789,28675157,9
1594,4568682,25889101,4
1595,4573144,28677701,8
1596,4580292,22456318,1
1597,4582543,25717388,1
1598,4583857,10415964,1
1599,4594970,15589258,1
1600,4605543,28677491,1
1601,4615644,15908247,1
1602,4616229,27056061,1
1603,4634242,26194702,1
1604,4636406,27044282,1
1605,4655105,24919423,1
1606,4656219,10589177,1
1607,4660659,28657466,1
1608,4668188,28663198,1
1609,4674581,28405862,2
1610,4675662,7844340,2
1611,4685384,28657936,1
1612,4692848,24785737,1
1613,4712930,28678025,1
1614,4718476,25086625,1
1615,4733312,16301255,1
1616,4758096,13674303,1
1617,4758600,11616657,1
1618,4761614,11035035,1
1619,4764874,16531825,7
1620,4768816,28022976,1
1621,4779042,21256946,4
1622,4782682,25757665,2
1623,4804954,26843789,1
1624,4809376,17457530,3
1625,4824042,24954215,1
1626,4865705,28057928,1
1627,4867510,28648852,5
1628,4873274,28158260,1
1629,4883505,24070067,1
1630,4919272,28521568,1
1631,4942502,15009067,1
1632,4953234,26326735,2
1633,4961713,28604764,1
1634,4978902,23820660,1
1635,4992985,25157970,1
1636,5001959,27992132,2
1637,5010245,28655609,1
1638,5017593,26055842,1
1639,5018213,17873870,2
1640,5023718,27007136,1
1641,5041473,19246063,1
1642,5047684,28675663,2
1643,5049548,27332639,1
1644,5050871,20822032,2
1645,5051717,11542384,1
1646,5055234,28544274,1
1647,5056166,28678067,1
1648,5065328,27144533,1
1649,5068150,22265220,2
1650,5068410,28550133,1
1651,5076191,25180795,1
1652,5076731,18020914,1
1653,5082532,28677767,1
1654,5095603,4534921,1
1655,5095603,4537725,2
1656,5095603,4537830,2
1657,5101884,28562333,1
1658,5102553,28535857,1
1659,5104541,17190491,1
1660,5105060,23840216,1
1661,5114528,27008640,2
1662,5114842,25803741,1
1663,5117472,28601664,1
1664,5123221,23682880,1
1665,5124519,28635182,2
1666,5131886,28634007,1
1667,5136633,28656871,1
1668,5138409,28633224,6
1669,5138558,19782742,1
1670,5140097,28524073,1
1671,5143070,16937043,1
1672,5149876,24384508,1
1673,5152015,23894441,1
1674,5153370,28325104,1
1675,5155966,16009240,1
1676,5184102,2365549,2
1677,5185561,28656308,1
1678,5190468,28674978,1
1679,5195533,26234673,1
1680,5206088,28467768,1
1681,5206490,23681831,1
1682,5207538,26275432,1
1683,5211568,21833183,3
1684,5215004,22542759,2
1685,5219176,28677493,2
1686,5231841,20782655,1
1687,5231841,27569160,1
1688,5247280,28671399,1
1689,5257160,8063255,1
1690,5261908,28677880,1
1691,5262037,17817709,1
1692,5263928,27937573,1
1693,5281068,13315305,1
1694,5281068,18470436,1
1695,5292662,28677485,1
1696,5292662,28677548,2
1697,5294486,28242839,3
1698,5308996,28677614,3
1699,5314189,12385273,1
1700,5323256,25370268,3
1701,5331106,28645692,1
1702,5336190,18046167,1
1703,5341072,23541166,2
1704,5342037,25254705,1
1705,5344121,15488440,6
1706,5344121,21522534,1
1707,5345794,25004562,1
1708,5346747,27003795,1
1709,5349561,27149627,1
1710,5355937,28527820,5
1711,5373010,27851384,1
1712,5378975,27845488,1
1713,5385642,28675188,1
1714,5386917,15923027,2
1715,5389574,26808537,1
1716,5392427,19965701,1
1717,5393499,22319594,1
1718,5394641,28383560,1
1719,5403148,28521524,2
1720,5404873,24333720,2
1721,5409172,28674164,1
1722,5412049,21613986,1
1723,5412915,28607644,1
1724,5418235,25416529,1
1725,5422053,27939521,2
1726,5422863,12700499,1
1727,5424351,21368887,1
1728,5425005,26697962,1
1729,5432054,12745236,4
1730,5432054,24423073,1
1731,5434641,28677503,2
1732,5438380,28670161,2
1733,5455031,19514776,4
1734,5456349,28591826,2
1735,5457597,28491996,1
1736,5464110,28676524,1
1737,5472291,28663515,1
1738,5472995,19051665,2
1739,5473908,27609108,1
1740,5481657,19794517,1
1741,5490627,27145416,1
1742,5491618,21450767,1
1743,5497144,28676316,1
1744,5498199,20284114,1
1745,5500712,28006225,6
1746,5503461,25844625,1
1747,5505674,16890159,1
1748,5510799,28675414,1
1749,5514882,13027297,1
1750,5519816,22475245,1
1751,5520281,28677933,2
1752,5523239,12997686,1
1753,5535320,27847939,1
1754,5545980,27858779,1
1755,5563373,28625970,1
1756,5569910,28678105,1
1757,5570713,28677577,3
1758,5571990,14244921,2
1759,5581438,26392647,1
1760,5593699,18327496,1
1761,5597157,28669146,4
1762,5601186,18326701,1
1763,5606771,28014200,2
1764,5607465,28676122,1
1765,5609090,28441264,1
1766,5614801,28544805,2
1767,5619798,26945962,1
1768,5623501,25659059,1
1769,5623501,28677574,5
1770,5623501,28677661,6
1771,5625263,27367962,2
1772,5631503,21542754,1
1773,5633782,28673858,1
1774,5635733,27447751,1
1775,5636101,25383874,2
1776,5640055,28677793,1
1777,5642064,20136009,1
1778,5642064,28059485,1
1779,5652491,27911062,1
1780,5655775,28560302,1
1781,5655775,28563619,3
1782,5659700,23076963,8
1783,5661392,20266334,2
1784,5661825,27315397,1
1785,5664046,28677769,1
1786,5664640,28641769,1
1787,5672800,28040555,1
1788,5696529,28677478,1
1789,5704704,28255312,1
1790,5706175,28489979,1
1791,5713485,18900363,3
1792,5714523,28676124,3
1793,5720924,27310102,1
1794,5721615,13690115,1
1795,5724907,28666839,1
1796,5728403,25392255,14
1797,5730326,23149310,1
1798,5739945,21661221,1
1799,5769356,13845370,1
1800,5769356,28653107,1
1801,5772019,28645077,1
1802,5775205,28523661,1
1803,5775632,28676222,1
1804,5779735,23215539,12
1805,5787388,28430461,1
1806,5787953,15063820,1
1807,5806135,27728934,2
1808,5807972,27900443,13
1809,5814217,14313288,1
1810,5830534,28665709,2
1811,5835336,28614339,1
1812,5848566,13818463,1
1813,5853482,28677656,1
1814,5853482,28677831,4
1815,5857237,28550492,1
1816,5881611,28678147,1
1817,5892594,28358863,2
1818,5894272,18472516,1
1819,5897669,14284550,1
1820,5903372,28675709,1
1821,5905026,26885167,3
1822,5912301,28677119,1
1823,5912301,28677363,1
1824,5921707,28631947,2
1825,5922532,17640761,1
1826,5925024,28647002,1
1827,5939461,18761819,1
1828,5942963,28488471,1
1829,5943087,28675308,1
1830,5943136,24358947,5
1831,5943573,21329921,1
1832,5952569,28384550,3
1833,5960057,23820834,2
1834,5962998,28199681,1
1835,5967583,28550096,1
1836,5973601,28613611,1
1837,5975010,13433480,1
1838,5975070,17580814,6
1839,5976354,26736070,1
1840,5985936,28489657,1
1841,5997696,20198782,1
1842,6009785,27187895,1
1843,6014442,27689914,3
1844,6016690,27344671,1
1845,6018469,24806370,1
1846,6023672,16249702,1
1847,6027071,19756033,1
1848,6035184,14699527,1
1849,6035897,26301590,1
1850,6042296,28675197,1
1851,6042782,14845307,1
1852,6042782,15080619,2
1853,6046418,28518336,2
1854,6047958,24829210,1
1855,6062588,28677797,1
1856,6062588,28677957,1
1857,6064408,28595435,4
1858,6064408,28633990,2
1859,6064868,27805488,1
1860,6069593,24333601,1
1861,6069593,27256236,1
1862,6069593,27256517,1
1863,6069593,27256636,1
1864,6069593,27506269,1
1865,6069593,27506388,1
1866,6069593,27508020,1
1867,6069593,28336819,1
1868,6069593,28491408,1
1869,6069593,28589622,1
1870,6069593,28648040,2
1871,6070540,26379343,1
1872,6081541,28032980,1
1873,6090555,23885494,1
1874,6106568,28677471,1
1875,6110330,14942891,1
1876,6111474,28571145,1
1877,6125159,26561827,2
1878,6126661,28609472,1
1879,6128538,27220218,1
1880,6129247,26047859,1
1881,6130227,28282710,1
1882,6131442,27901520,1
1883,6132327,25111641,1
1884,6132330,26820842,2
1885,6133025,28051911,1
1886,6133706,28213857,2
1887,6154548,27896707,2
1888,6154548,28470344,2
1889,6155064,28677718,1
1890,6155064,28677726,2
1891,6158630,15100395,12
1892,6158630,18126008,12
1893,6159923,28613211,1
1894,6182224,3989388,2
1895,6188386,28242145,2
1896,6189538,16059597,1
1897,6193086,23778982,1
1898,6193231,20035848,1
1899,6197214,25332643,4
1900,6200806,26594411,3
1901,6202476,23271328,1
1902,6209299,28331016,2
1903,6214365,28669435,18
1904,6217025,27833580,1
1905,6227836,23986338,1
1906,6232704,28620312,2
1907,6241554,23696666,1
1908,6243348,28635941,1
1909,6248391,18495441,2
1910,6252780,23013760,1
1911,6257970,28214445,2
1912,6287026,23363281,1
1913,6291044,28317581,1
1914,6294120,28673882,1
1915,6294337,13222817,2
1916,6298185,28646555,1
1917,6299681,22772289,1
1918,6306058,28672989,1
1919,6324595,28490006,2
1920,6324595,28655113,1
1921,6325631,27979993,1
1922,6325631,27980067,1
1923,6355587,28209925,1
1924,6357013,15760311,1
1925,6363950,24814799,1
1926,6364195,19178105,5
1927,6364323,3234987,1
1928,6372067,15808686,1
1929,6378485,15838380,1
1930,6381138,27839626,1
1931,6386297,27017012,1
1932,6392429,26197772,1
1933,6392429,28651421,2
1934,6393201,28519471,1
1935,6394023,27032782,2
1936,6404175,15919430,1
1937,6418489,21640233,1
1938,6436073,27432101,1
1939,6455098,28648815,2
1940,6457128,27658285,1
1941,6462673,18017865,1
1942,6462673,28575999,1
1943,6474188,28643363,1
1944,6477435,16159065,1
1945,6484805,28613203,9
1946,6486742,26348700,1
1947,6497705,28555160,1
1948,6500800,28507862,1
1949,6509618,27242935,6
1950,6517097,26688311,2
1951,6520476,26347900,2
1952,6520916,27150469,3
1953,6529689,28280392,3
1954,6536597,27317659,1
1955,6548646,27839746,3
1956,6549198,28207995,1
1957,6561166,22066165,8
1958,6563111,3234987,1
1959,6563769,28471338,1
1960,6564514,23892939,1
1961,6565577,27690802,2
1962,6570945,28153594,1
1963,6571378,28677445,1
1964,6574372,28404306,2
1965,6584350,26354680,2
1966,6598297,27320819,1
1967,6600123,28542904,2
1968,6607768,28477784,1
1969,6608916,23863224,2
1970,6635401,28054735,1
1971,6644994,28677357,2
1972,6654824,17147171,2
1973,6667377,20531173,1
1974,6667377,20531755,1
1975,6670569,27775655,1
1976,6678077,25483811,1
1977,6684315,23924537,1
1978,6687729,28676343,1
1979,6691262,17432357,1
1980,6693717,23481399,1
1981,6701030,16901435,1
1982,6722411,28676639,2
1983,6724367,27055032,2
1984,6724538,17739679,1
1985,6734064,28657214,3
1986,6737270,25890220,3
1987,6738431,28610547,1
1988,6742515,28178347,1
1989,6742515,28217013,1
1990,6742515,28289272,1
1991,6744175,28674263,1
1992,6757714,17236735,1
1993,6763356,24037800,1
1994,6763356,27655686,1
1995,6763379,19959218,1
1996,6763379,19961042,2
1997,6763379,19961044,1
1998,6763379,19961056,1
1999,6763379,19993673,1
2000,6767374,28678022,2
2001,6790201,28650471,1
2002,6807088,28677601,1
2003,6807088,28677820,1
2004,6807088,28677829,1
2005,6808940,28313450,1
2006,6811910,21915008,1
2007,6818498,24320625,1
2008,6822704,23564009,1
2009,6833282,28108871,1
2010,6833682,28572292,1
2011,6841829,27096824,3
2012,6851146,28572633,2
2013,6851464,17480926,1
2014,6866184,28664750,1
2015,6867251,28677526,2
2016,6890795,26785547,1
2017,6893938,20837913,1
2018,6894155,28529596,1
2019,6895034,21103899,3
2020,6895040,18620619,13
2021,6897135,28632361,1
2022,6904406,23591183,1
2023,6911419,28657371,2
2024,6914329,28677084,2
2025,6914584,28651298,1
2026,6923339,28671681,1
2027,6927151,20107959,1
2028,6946910,26336654,1
2029,6948926,23823448,1
2030,6952185,25744696,2
2031,6952202,26346969,3
2032,6955349,27822066,1
2033,6957370,24016875,1
2034,6965522,24850545,1
2035,6965803,20122626,2
2036,6968123,28154502,1
2037,6992972,20367998,1
2038,7000887,27058156,1
2039,7003341,26125237,1
2040,7006585,28677727,1
2041,7013073,28677643,1
2042,7031175,20030571,1
2043,7035156,21889774,1
2044,7043070,27941457,1
2045,7043070,28530776,1
2046,7047496,28280752,1
2047,7047496,28280787,1
2048,7070394,28554993,1
2049,7076322,18160176,1
2050,7082786,28507256,1
2051,7086214,20281714,1
2052,7090779,27922691,2
2053,7091080,22836855,1
2054,7094265,27144213,1
2055,7110160,28545508,1
2056,7110446,28677428,1
2057,7116269,28677931,1
2058,7120810,17375822,1
2059,7127407,28523648,1
2060,7127935,28018423,1
2061,7132034,28549025,2
2062,7133556,28631940,3
2063,7143311,20006178,1
2064,7144417,24952737,1
2065,7180276,18456300,1
2066,7184355,28599608,1
2067,7187705,28538540,1
2068,7216884,28677558,1
2069,7218837,27563217,1
2070,7219734,28575671,1
2071,7227500,28670185,2
2072,7234013,28173897,1
2073,7235644,28365135,1
2074,7241368,28278313,1
2075,7242323,28248830,1
2076,7252832,18719937,1
2077,7256509,28677457,1
2078,7267713,28422062,2
2079,7279452,28663473,1
2080,7283378,26171734,1
2081,7283765,19638168,1
2082,7297775,24707210,1
2083,7299909,28605092,1
2084,7308591,28650616,1
2085,7308591,28677902,1
2086,7310102,28357820,1
2087,7316337,28647528,5
2088,7328115,20341239,1
2089,7334469,28677361,4
2090,7336721,27059138,2
2091,7354158,28412516,2
2092,7366091,28070716,1
2093,7376266,10052229,1
2094,7377220,28676091,1
2095,7377949,19047649,1
2096,7378879,22621117,1
2097,7384339,28313408,1
2098,7384339,28341661,1
2099,7384339,28369706,1
2100,7387879,28354666,2
2101,7391433,28642919,1
2102,7421004,27590695,3
2103,7430331,25406543,2
2104,7441147,27200526,1
2105,7454972,23008502,8
2106,7460581,28677460,1
2107,7483224,28437213,2
2108,7486809,28677218,12
2109,7487345,28356801,1
2110,7505204,28677730,1
2111,7517344,23810049,1
2112,7517989,28677593,1
2113,7517989,28677838,1
2114,7526014,28615167,1
2115,7528580,25899992,1
2116,7533168,28667990,1
2117,7534496,23903780,2
2118,7534496,26063060,5
2119,7540669,28677119,1
2120,7540669,28677316,2
2121,7541381,28534313,1
2122,7553153,19684176,1
2123,7565298,21915008,1
2124,7566337,28666898,2
2125,7575914,28357443,1
2126,7576912,24155672,1
2127,7576912,28677573,2
2128,7587082,27349174,1
2129,7594729,27105028,2
2130,7595454,28245960,1
2131,7603502,28123202,1
2132,7608189,20550978,1
2133,7623979,28424407,1
2134,7637494,28275582,1
2135,7657566,20020926,1
2136,7662278,22906142,1
2137,7662768,20041931,2
2138,7673145,24658917,1
2139,7694377,27577265,1
2140,7694954,20157059,3
2141,7697146,27050398,1
2142,7698292,28677680,4
2143,7701591,28658120,1
2144,7702743,20652730,2
2145,7718596,28004674,1
2146,7718668,20239329,1
2147,7727148,26708360,5
2148,7727957,21833720,1
2149,7728157,21549222,1
2150,7737874,27507850,2
2151,7751315,27552091,5
2152,7757751,28677645,2
2153,7762231,27043454,1
2154,7778620,27834135,1
2155,7787407,28152187,1
2156,7796312,28654546,1
2157,7802430,22098808,1
2158,7805013,28544426,1
2159,7809663,28402488,3
2160,7810348,28676958,1
2161,7811180,28677878,1
2162,7817509,28149978,2
2163,7833300,23265919,1
2164,7841618,28676566,3
2165,7850165,28609047,2
2166,7866361,20753922,2
2167,7866761,28292022,1
2168,7875323,26601298,1
2169,7876796,18493101,1
2170,7883556,27676866,1
2171,7897638,27619774,2
2172,7902778,28616861,1
2173,7907941,23779634,1
2174,7908057,28494918,1
2175,7912701,27019565,1
2176,7925013,24087301,1
2177,7929451,25135859,2
2178,7937959,25614475,1
2179,7938534,28461053,2
2180,7938534,28676137,1
2181,7945170,26094346,1
2182,7957761,28612522,1
2183,7959361,28659820,2
2184,7970490,28527603,1
2185,7979969,21182346,1
2186,7991256,23419436,1
2187,7992035,28671701,1
2188,7993112,27667544,1
2189,7999524,28677720,1
2190,8005290,25404197,1
2191,8013350,26980932,1
2192,8019881,21329550,2
2193,8033682,26363171,2
2194,8034059,21377779,2
2195,8040427,21401072,1
2196,8056798,21457582,1
2197,8059250,28596332,1
2198,8061991,28428078,3
2199,8069134,27930445,1
2200,8070151,26502074,1
2201,8072898,26059030,2
2202,8077673,28677149,2
2203,8077740,21585818,1
2204,8077771,22777322,1
2205,8078764,21536118,2
2206,8078764,26879622,1
2207,8078764,27171508,1
2208,8096032,28521289,1
2209,8119338,28617774,2
2210,8132102,18663590,4
2211,8136241,21739906,1
2212,8146180,28285123,1
2213,8147927,21806584,1
2214,8147971,21783823,1
2215,8148855,27007413,1
2216,8152847,28611597,1
2217,8162496,21927560,1
2218,8172495,28442158,1
2219,8173478,28118339,2
2220,8176195,28651298,1
2221,8182370,28317311,1
2222,8185253,28530222,2
2223,8197831,22011184,2
2224,8204683,25185119,1
2225,8204683,28659201,1
2226,8207120,28261227,2
2227,8214096,22027821,1
2228,8218853,28550560,2
2229,8228133,26234558,1
2230,8228133,28286640,1
2231,8236771,28677591,1
2232,8248318,27020670,1
2233,8252039,26277603,1
2234,8263721,28491274,1
2235,8278290,25000895,1
2236,8285296,22320462,1
2237,8289520,22988319,3
2238,8302001,28653992,2
2239,8303419,22397633,1
2240,8305550,28646347,1
2241,8323759,6078190,1
2242,8324294,27670426,1
2243,8336555,24660814,1
2244,8338057,28546446,2
2245,8339280,28677282,2
2246,8340922,28577652,1
2247,8347069,28171448,1
2248,8347069,28286311,2
2249,8350185,28634222,1
2250,8356935,27846248,1
2251,8359408,22632242,1
2252,8359983,28518572,1
2253,8361299,22637619,2
2254,8362393,28536680,3
2255,8376281,28279752,1
2256,8378888,28410918,1
2257,8378893,27822066,1
2258,8381268,21296590,1
2259,8382048,28206813,2
2260,8388026,28645199,1
2261,8404759,28671402,2
2262,8421271,22891701,5
2263,8430611,28271647,1
2264,8430611,28271697,1
2265,8432323,28649593,1
2266,8441896,28609998,1
2267,8442263,26993003,1
2268,8442492,26845177,1
2269,8451865,28523545,1
2270,8453732,22973515,1
2271,8453899,28677555,1
2272,8469211,28122991,1
2273,8471860,23043434,2
2274,8479239,28639904,1
2275,8484018,26194619,1
2276,8495531,28675866,3
2277,8516048,28193372,1
2278,8518239,28677863,1
2279,8518239,28678194,1
2280,8526819,27407975,1
2281,8535292,25610435,2
2282,8542195,25183290,1
2283,8548034,28653599,1
2284,8550459,23331775,2
2285,8562199,28415488,3
2286,8572917,26659024,1
2287,8592372,28676895,1
2288,8628581,24818566,2
2289,8632167,28676081,3
2290,8646562,28557787,1
2291,8648335,28673982,1
2292,8650510,27108467,1
2293,8656677,27157557,1
2294,8658234,26288440,1
2295,8658585,28551416,1
2296,8658959,28229892,2
2297,8660957,28321956,3
2298,8675834,23728095,5
2299,8682846,28666777,1
2300,8683432,27059641,1
2301,8683580,27355650,1
2302,8697394,23804885,1
2303,8699738,28651515,1
2304,8701582,27999884,1
2305,8703251,23813546,1
2306,8714716,28056661,2
2307,8726826,28001861,4
2308,8741669,28464320,1
2309,8742215,26383989,1
2310,8753701,28343735,1
2311,8759066,24008091,2
2312,8770348,24030380,1
2313,8802564,28478944,1
2314,8819701,28678173,1
2315,8824781,27746956,1
2316,8825007,28674151,1
2317,8826164,26611092,1
2318,8838361,28570090,1
2319,8841623,27854815,1
2320,8841623,28588953,1
2321,8843757,24266969,1
2322,8853764,28251230,1
2323,8854341,28281419,2
2324,8856719,28290209,1
2325,8865501,25412032,1
2326,8882603,24382269,2
2327,8888709,25133708,1
2328,8893238,28489784,1
2329,8901829,25057053,2
2330,8905372,28621174,2
2331,8906777,28649235,1
2332,8908145,25492727,1
2333,8922660,16323555,1
2334,8924713,28645826,2
2335,8930453,27681002,1
2336,8930578,28677716,1
2337,8931626,25046277,1
2338,8943887,27945902,1
2339,8946755,28660912,1
2340,8950354,28068237,1
2341,8955320,27477541,1
2342,8962953,24609481,1
2343,8966018,28064757,2
2344,8987245,24958959,1
2345,9000293,27146993,6
2346,9011749,24770452,1
2347,9022181,27685956,1
2348,9038488,28460218,1
2349,9040052,28674069,1
2350,9041575,28671282,2
2351,9084685,14552429,3
2352,9106885,28675693,2
2353,9118791,28238714,1
2354,9119326,28641703,1
2355,9119953,28671397,1
2356,9135474,26879361,1
2357,9135474,26879382,1
2358,9135474,26879389,1
2359,9135474,26879520,1
2360,9135474,26998114,3
2361,9135474,28667976,1
2362,9135474,28677070,1
2363,9135474,28677537,2
2364,9152315,28635890,2
2365,9157490,25096768,2
2366,9164578,25259522,2
2367,9164881,28677292,1
2368,9170316,25136026,1
2369,9190378,27465200,1
2370,9192640,28370316,2
2371,9201970,25173910,29
2372,9205456,28667691,1
2373,9214507,26718008,1
2374,9216786,28269859,2
2375,9217361,28611446,1
2376,9220038,28648586,2
2377,9220074,28542720,1
2378,9221683,28520835,2
2379,9246693,26416343,1
2380,9255825,27977882,1
2381,9262607,28677666,1
2382,9262607,28678026,1
2383,9285724,25180058,3
2384,9289714,28215322,1
2385,9298431,28320317,1
2386,9339421,28333790,1
2387,9339661,26944422,3
2388,9353400,28642665,1
2389,9360129,28582002,1
2390,9361180,27990251,1
2391,9373002,10040379,1
2392,9373566,28616049,1
2393,9375951,25658176,1
2394,9397471,25745457,1
2395,9402134,26645405,3
2396,9409473,25796998,3
2397,9409473,25797250,1
2398,9409473,27280919,1
2399,9409473,28493883,1
2400,9425487,26250386,1
2401,9438863,26832375,1
2402,9442012,27734000,1
2403,9450064,28677524,1
2404,9452791,25940223,1
2405,9452791,25941039,3
2406,9452791,26978339,1
2407,9452791,28676949,1
2408,9452791,28677711,18
2409,9467640,25984335,1
2410,9480650,28661304,1
2411,9485547,27938821,1
2412,9494607,26043026,1
2413,9514130,27696068,1
2414,9514534,26488782,1
2415,9518552,28370383,1
2416,9533150,28464834,1
2417,9539839,28327047,1
2418,9540581,26140981,1
2419,9584913,28655105,1
2420,9587528,26158670,1
2421,9589705,28651176,3
2422,9623122,26354071,2
2423,9636201,27946558,3
2424,9643090,27897584,3
2425,9656280,28572674,1
2426,9657371,28639483,1
2427,9663797,25996056,1
2428,9664245,27954634,1
2429,9688418,28677368,8
2430,9712369,28056637,1
2431,9713942,28488098,1
2432,9716869,26643379,1
2433,9728079,26607117,2
2434,9729053,28677761,1
2435,9730086,28677288,2
2436,9755468,26832780,2
2437,9761181,28675712,1
2438,9774032,28612714,1
2439,9775118,28647997,2
2440,9785624,28644972,1
2441,9788541,28644972,1
2442,9792856,28166542,1
2443,9798612,10442886,1
2444,9798612,10442936,1
2445,9798612,10442970,1
2446,9798612,10442975,1
2447,9798612,10442976,1
2448,9798612,10442977,1
2449,9798612,19914909,1
2450,9805522,27985956,1
2451,9809323,28249865,1
2452,9825012,26821504,1
2453,9828988,28678021,1
2454,9835569,2126244,1
2455,9837783,26845650,2
2456,9852059,27614389,1
2457,9855524,26891487,1
2458,9857723,26650739,1
2459,9870500,28673012,1
2460,9877114,28488367,1
2461,9901767,28670194,3
2462,9925986,27200556,2
2463,9933603,28551531,1
2464,9939059,25492179,3
2465,9940752,24703196,2
2466,9941464,28674656,2
2467,9946341,28664499,1
2468,9946341,28676383,3
2469,9946466,28677660,1
2470,9947271,27126657,2
2471,9956702,25345259,1
2472,9959680,27589092,1
2473,9959680,28568553,1
2474,10003977,28616939,1
2475,10004698,28538344,1
2476,10009240,28665140,1
2477,10023157,17268927,1
2478,10032418,28675935,1
2479,10043058,27580442,1
2480,10048286,27976213,2
2481,10049531,27440702,5
2482,10053946,27460855,1
2483,10068043,28474720,3
2484,10082177,27572489,1
2485,10085204,28677465,4
2486,10085204,28677639,1
2487,10093273,28159475,2
2488,10100503,27649053,1
2489,10100667,28550937,1
2490,10125388,28586913,5
2491,10134418,27667613,2
2492,10144074,27844858,3
2493,10148214,28677952,2
2494,10148684,27847923,2
2495,10152875,23038334,4
2496,10154533,27936894,2
2497,10160580,27897523,1
2498,10161858,28652857,2
2499,10161953,28676586,6
2500,10162432,27906179,1
2501,10163916,28122442,1
2502,10168430,28586081,1
2503,10172901,28668128,2
2504,10178018,28507874,1
2505,10178301,23853939,2
2506,10180288,28675656,1
2507,10195800,28524925,1
2508,10199419,28459354,1
2509,10202200,26648611,2
2510,10202265,28063675,1
2511,10203160,28075659,1
2512,10205208,28077075,1
2513,10211138,28675026,1
2514,10225575,28677579,1
2515,10226456,28159605,1
2516,10233291,28677630,1
2517,10234718,28237285,1
2518,10237245,28311409,2
2519,10238445,28208090,1
2520,10238797,28658682,3
2521,10238833,28210970,1
2522,10239381,28212737,1
2523,10239510,28350031,1
2524,10247477,28246827,1
2525,10254849,28525122,1
2526,10255598,28677687,1
2527,10262377,27978780,2
2528,10262489,28675131,1
2529,10263666,28677679,4
2530,10272033,28611597,1
2531,10273496,28357187,6
2532,10273677,28676685,1
2533,10274077,28665904,1
2534,10286468,28527147,1
2535,10296544,28464320,1
2536,10296651,28649440,1
2537,10298389,28674886,1
2538,10298641,28611069,2
2539,10299268,28464320,1
2540,10310054,28516522,3
2541,10313856,28540040,4
2542,10321375,28674110,1
2543,10323669,28677789,1
2544,10325861,28546548,1
2545,10330539,28607843,4
2546,10332341,28568091,1
2547,10332868,28570305,2
2548,10333267,28546174,1
2549,10334573,28576514,1
2550,10335052,28677419,1
2551,10336437,28677283,14
2552,10337495,28661427,2
2553,10338450,28589085,3
2554,10340256,28678107,1
2555,10343829,28650454,1
2556,10344742,28657952,3
2557,10345188,28615103,3
2558,10345259,28654719,1
2559,10345366,28617601,1
2560,10345916,28621069,1
2561,10346381,28620734,2
2562,10346440,28623192,2
2563,10350323,28635375,1
2564,10350891,28649829,5
2565,10351190,28638965,1
2566,10351997,28654239,7
2567,10352499,28644710,1
2568,10352573,28669115,6
2569,10353590,28677028,1
2570,10354058,28674532,1
2571,10355294,28674491,2
2572,10355660,28657737,2
2573,10356405,28677192,2
2574,10358342,28677509,1
2575,10359335,28675707,3
2576,10359605,28671838,1
2577,10360207,28673271,6
2578,10360991,28676780,1
2579,10361004,28676298,2
2580,10361104,28676704,5
2581,10361183,28677844,1
2582,10361273,28677442,2
2583,10361298,28677764,1
2584,10361312,28677674,1
2585,10361315,28677587,5
2586,10361338,28677651,1
